sku;titulo;nivel1;nivel2;nivel3;chave;categoria_secundaria;categoria_atual_site;preco;estoque
100101;"PLACA COMPATIVEL ARDUINO UNO R3 SMD CH340 COM CABO USB";Placas e Embarcados;Arduino e Compatíveis;;A1;"";"1 - Placas Embarcados";38.90;20
100103;"PLACA COMPATÍVEL ARDUINO NANO V3 COM CABO MINI USB";Placas e Embarcados;Arduino e Compatíveis;;A1;"";"1 - Placas Embarcados";34.90;0
100104;"PLACA COMPATIVEL ARDUINO MEGA 2560 R3 CH340 COM CABO USB";Placas e Embarcados;Arduino e Compatíveis;;A1;"";"1 - Placas Embarcados";179.20;0
100105;"PLACA COMPATIVEL ARDUINO UNO R3 ATMEGA16U2 COM CABO USB";Placas e Embarcados;Arduino e Compatíveis;;A1;"";"1 - Placas Embarcados";72.00;15
100106;"MÓDULO DIGISPARK ATTINY85 USB TIPO C";Placas e Embarcados;STM32 e Outras Placas;;A4;"";"";;10
100107;"PLACA COMPATIVEL ARDUINO MEGA 2560 ATMEGA 16U2 COM CABO USB";Placas e Embarcados;Arduino e Compatíveis;;A1;"";"1 - Placas Embarcados";202.80;5
100108;"Arduino mega wifi com esp8266";Placas e Embarcados;ESP32 e ESP8266;;A2;"";"";197.00;5
100110;"ARDUINO NANO 4.0 ATMEGA328 COM PLACA BASE TERMINAL";Placas e Embarcados;Arduino e Compatíveis;;A1;"";"1 - Placas Embarcados";77.60;12
100111;"ARDUINO PRO MINI ATMEGA 328P 5V 16 MHZ";Placas e Embarcados;Arduino e Compatíveis;;A1;"";"1 - Placas Embarcados";32.80;7
100112;"PLACA SHIELD EXPANSOR PARA ARDUINO NANO 3.0";Placas e Embarcados;Shields e Placas de Interface;;A5;"";"2 - Módulos e shields";19.90;10
100113;"Arduino Pro micro ATmega32U4 *100113";Placas e Embarcados;Arduino e Compatíveis;;A1;"";"";56.00;8
100114;"Kit Placa Educacional Microbit V2 com acessórios";Placas e Embarcados;Kits Arduino e Educacionais;;A7;"";"";399.00;0
100115;"MINI CONTROLADOR COMPATÍVEL COM raspberry PI PICO RP2040 133MHZ";Placas e Embarcados;STM32 e Outras Placas;;A4;"";"";;10
100201;"MODULO ETHERNET SHIELD W5100 PARA ARDUINO";Módulos;Comunicação Serial, CAN e Ethernet;;B2;"";"2 - Módulos e shields";70.90;10
100202;"MODULO ETHERNET ENC28J60";Módulos;Comunicação Serial, CAN e Ethernet;;B2;"";"2 - Módulos e shields";44.90;9
100203;"MÓDULO RTC DS1307 RELÓGIO TEMPO REAL COM BATERIA";Módulos;RTC, Memória e Cartões SD;;B6;"";"2 - Módulos e shields";12.90;31
100204;"PROTOSHIELD COM PROTOBOARD 170 FUROS PARA ARDUINO";Placas e Embarcados;Shields e Placas de Interface;;A5;"";"2 - Módulos e shields";22.90;13
100205;"MODULO RELÉ 5V 8 CANAIS COM OPTOACOPLADOR";Módulos;Relés, MOSFET e Potência;;B1;"";"2 - Módulos e shields";44.90;3
100206;"MODULO RELÉ 5V 4 CANAIS COM OPTOACOPLADOR";Módulos;Relés, MOSFET e Potência;;B1;"";"2 - Módulos e shields";25.90;20
100207;"MODULO ETHERNET SHIELD ENC28J60 PARA ARDUINO NANO";Módulos;Comunicação Serial, CAN e Ethernet;;B2;"";"2 - Módulos e shields";60.80;4
100208;"MODULO SERIAL I2C PARA DISPLAY LCD 16X2 E 20X2";Displays e Telas;Displays LCD, OLED e TFT;;D2;"";"2 - Módulos e shields";7.40;46
100209;"DISPLAY LCD SHIELD COM BOTÕES PARA ARDUINO";Displays e Telas;Displays LCD, OLED e TFT;;D2;"";"2 - Módulos e shields";33.90;4
100210;"MODULO LEITOR DE CARTÃO MICRO SD";Módulos;RTC, Memória e Cartões SD;;B6;"";"2 - Módulos e shields";7.40;96
100211;"DATA LOGGER SHIELD COM RTC DS1307 PARA ARDUINO";Módulos;RTC, Memória e Cartões SD;;B6;"";"2 - Módulos e shields";28.80;20
100212;"MÓDULO GPS UBLOX NEO-6M GY-GPS6MV2 COM ANTENA CERÂMICA";Módulos;Wireless, IoT e Antenas;;B4;"";"2 - Módulos e shields";46.90;12
100215;"MODULO CNC SHIELD V3 PARA ARDUINO";CNC, Laser e Impressão 3D;Controladoras e Eletrônica CNC;;H4;"";"2 - Módulos e shields";28.80;28
100216;"MOTOR SHIELD L293 DRIVER PONTE H PARA ARDUINO";Motores, Drivers e Robótica;Drivers e Controladores de Motor DC;;G5;"";"2 - Módulos e shields";27.70;30
100218;"MÓDULO RELÉ 1 CANAL 5V 10A";Módulos;Relés, MOSFET e Potência;;B1;"";"2 - Módulos e shields";7.20;3
100219;"MÓDULO RELÉ ESTADO SÓLIDO SSR 1CANAL 5V 2A";Módulos;Relés, MOSFET e Potência;;B1;"";"2 - Módulos e shields";14.40;38
100220;"MÓDULO RELÉ ESTADO SÓLIDO SSR 4 CANAIS 5V 2A";Módulos;Relés, MOSFET e Potência;;B1;"";"2 - Módulos e shields";54.40;20
100221;"PLACA BASE ADAPTADOR PARA ESP07 ESP08 ESP12E";Placas e Embarcados;ESP32 e ESP8266;;A2;"";"2 - Módulos e shields";11.20;43
100222;"ADAPTADOR MÓDULO WIFI ESP8266 ESP-01 PARA PROTOBOARD";Placas e Embarcados;ESP32 e ESP8266;;A2;"";"2 - Módulos e shields";4.90;12
100223;"ADAPTADOR USB PARA MÓDULO WIFI ESP8266 ESP-01";Placas e Embarcados;ESP32 e ESP8266;;A2;"";"2 - Módulos e shields";14.60;5
100224;"PLACA BORNE INTERFACE PARA ARDUINO NANO";Placas e Embarcados;Shields e Placas de Interface;;A5;"";"2 - Módulos e shields";19.20;18
100225;"MOTOR DE PASSO 28BYJ-48 COM MODULO DRIVER ULN2003";Motores, Drivers e Robótica;Motores de Passo e Servos Industriais;;G1;"";"2 - Módulos e shields";16.00;3
100229;"MODULO SENSOR DE TENSÃO AC 0 A 250VAC SAÍDA 0 A 5V ZMPT101B";Sensores;Corrente e Tensão;;C4;"";"2 - Módulos e shields";18.40;26
100230;"MODULO 4 CANAIS COM OPTOACOPLADOR 3,6 A 30VDC";Módulos;Relés, MOSFET e Potência;;B1;"";"2 - Módulos e shields";16.00;0
100232;"MODULO RELÉ 5V 1 CANAL COM OPTOACOPLADOR";Módulos;Relés, MOSFET e Potência;;B1;"";"2 - Módulos e shields";15.40;5
100233;"PROGRAMADOR BOOTLOADER AVR ISP SHIELD  PARA ARDUINO";Placas e Embarcados;Gravadores e Programadores;;A6;"";"2 - Módulos e shields";36.80;7
100234;"DATA LOGGER RTC DS1307 PARA REGISTRO DE DADOS COM BATERIA";Módulos;RTC, Memória e Cartões SD;;B6;"";"2 - Módulos e shields";29.80;13
100235;"MÓDULO EXPANSOR DE PORTAS VIA I2C 8BITS PCF8574";Módulos;Conversores de Sinal e Nível Lógico;;B3;"";"2 - Módulos e shields";9.50;2
100237;"MODULO RELÉ 5V 2 CANAIS COM OPTOACOPLADOR";Módulos;Relés, MOSFET e Potência;;B1;"";"2 - Módulos e shields";12.00;16
100239;"SENSOR DE TENSÃO AC 127/220V SAÍDA PARA ARDUINO CLP";Sensores;Corrente e Tensão;;C4;"";"Sensores";20.80;0
100242;"MINI MÓDULO W5500 TCP/IP LITE ETHERNET";Módulos;Comunicação Serial, CAN e Ethernet;;B2;"";"";52.00;0
100243;"SENSOR DE GÁS MQ-135 PARA GASES TÓXICOS";Sensores;Gás, Chama, Som, Luz e Cor;;C5;"";"Sensores";16.90;12
100245;"SENSOR DE GÁS MQ-3 ÁLCOOL";Sensores;Gás, Chama, Som, Luz e Cor;;C5;"";"Sensores";16.90;15
100246;"SENSOR DE GÁS MQ-5 GLP E GÁS NATURAL";Sensores;Gás, Chama, Som, Luz e Cor;;C5;"";"Sensores";16.90;29
100247;"SENSOR DE GÁS MQ-6 GLP ISOBUTANO PROPANO";Sensores;Gás, Chama, Som, Luz e Cor;;C5;"";"Sensores";16.90;11
100248;"SENSOR DE GÁS MQ-7 MONÓXIDO DE CARBONO";Sensores;Gás, Chama, Som, Luz e Cor;;C5;"";"Sensores";16.90;11
100249;"SENSOR DE GÁS MQ-8 HIDROGÊNIO";Sensores;Gás, Chama, Som, Luz e Cor;;C5;"";"Sensores";16.90;14
100250;"SENSOR DE GÁS MQ-9 MONÓXIDO DE CARBONO";Sensores;Gás, Chama, Som, Luz e Cor;;C5;"";"Sensores";16.90;14
100251;"Módulo Rtc Ds3231 *100251";Módulos;RTC, Memória e Cartões SD;;B6;"";"";21.00;0
100252;"MODULO OPTOACOPLADOR ARDUINO PARA CLP MOSFET 24V 5A";Módulos;Relés, MOSFET e Potência;;B1;"";"2 - Módulos e shields";68.00;0
100253;"SENSOR DE GÁS METANO MQ-4";Sensores;Gás, Chama, Som, Luz e Cor;;C5;"";"Sensores";16.90;10
100255;"MODULO SIM808 GSM GPRS SMS GPS COM ANTENAS";Módulos;Wireless, IoT e Antenas;;B4;"";"2 - Módulos e shields";249.00;3
100256;"MÓDULO SEMÁFORO SINALEIRA LED 8MM";Módulos;Áudio, Teclados e Controles;;B7;"";"2 - Módulos e shields";5.90;18
100257;"MODULO MP3 DFPLAYER MINI PLAYER DE ÁUDIO";Módulos;Áudio, Teclados e Controles;;B7;"";"2 - Módulos e shields";19.50;16
100258;"Multiplexador CD74HC4067 CMOS Analógico Digital 16 Canais para Arduino *100258";Módulos;Conversores de Sinal e Nível Lógico;;B3;"";"";12.00;16
100259;"MODULO RELÉ 5V 6 CANAIS COM OPTOACOPLADOR";Módulos;Relés, MOSFET e Potência;;B1;"";"2 - Módulos e shields";37.00;17
100260;"MÓDULO AMPLIFICADOR  MAX31865 PT100";Sensores;Temperatura e Umidade;;C1;"";"";;10
100261;"SIMULADOR DE CARGA RESISTIVA USB 15W 3A";Energia e Alimentação;Voltímetros, Medidores e Testadores;;F5;"";"Módulos";55.00;5
100263;"RELÉ TEMPORIZADOR DIGITAL AJUSTÁVEL XY-J02";Módulos;Relés, MOSFET e Potência;;B1;"";"Módulos";49.00;3
100264_z;"CNC Shield V4 keyesStudio*100264";CNC, Laser e Impressão 3D;Controladoras e Eletrônica CNC;;H4;"";"";87.00;5
100265;"MÓDULO OPTOACOPLADOR  ISOLADOR 4 CANAIS 3,3 A 30VDC";Módulos;Relés, MOSFET e Potência;;B1;"";"2 - Módulos e shields";48.00;34
100266;"MÓDULO SENSOR DETECTOR DE CHAMA DE FOGO";Sensores;Gás, Chama, Som, Luz e Cor;;C5;"";"2 - Módulos e shields";8.00;27
100267;"MÓDULO SENSOR DE VIBRAÇÃO SW-420";Sensores;Distância, Presença e Movimento;;C2;"";"2 - Módulos e shields";10.00;20
100268;"MODULO SENSOR DE SOM KY-038";Sensores;Gás, Chama, Som, Luz e Cor;;C5;"";"2 - Módulos e shields";12.00;13
100270;"MÓDULO TESTADOR DE CAPACIDADE PARA BATERIA DE LÍTIO";Energia e Alimentação;Baterias, Carregadores e BMS;;F3;"";"Baterias e Acessórios";38.00;0
100271;"Rele com soquete 24VDC 10A";Automação Industrial;Relés de Estado Sólido e Industriais;;E3;"";"";;10
100272;"MÓDULO MULTIFUNÇÕES SHIELD PARA ARDUINO NÍVEL INTERMEDIÁRIO";Placas e Embarcados;Shields e Placas de Interface;;A5;"";"2 - Módulos e shields";31.70;6
100273;"MODULO CARREGADOR SEM FIO POR INDUÇÃO 5V 1A";Energia e Alimentação;Baterias, Carregadores e BMS;;F3;"";"2 - Módulos e shields";30.00;0
100274;"ANALISADOR LÓGICO 24MHZ 8 CANAIS";Prototipagem e Ferramentas;Ferramentas e Instrumentos de Bancada;;K3;"";"Conversores";69.00;1
100275;"MÓDULO BÚSSOLA ELETRONICA  HMC5883L GY-273";Sensores;Distância, Presença e Movimento;;C2;"";"";;0
100276;"Sensor de inclinação e vibração SW-200D";Sensores;Distância, Presença e Movimento;;C2;"";"";;20
100277;"TERMOSTATO DIGITAL REXC100 FK02-M*DA (RELE)";Automação Industrial;Controladores de Temperatura e Encoders;;E4;"";"";;5
100278;"TERMOSTATO REX-C100FK02-- V*DA (SSR)";Automação Industrial;Controladores de Temperatura e Encoders;;E4;"";"";;3
100279;"KIT CONTROLADOR REX-C100 SSR + RELÉ SSR 40A + DISSIPADOR";Automação Industrial;Controladores de Temperatura e Encoders;;E4;"";"";;3
100280;"Mini autofalante para arduino 4R 3W";Componentes Eletrônicos;Buzzers e Alto-falantes;;I6;"";"";9.90;10
100303;"DISPLAY LCD 16X2 COM FUNDO AZUL";Displays e Telas;Displays LCD, OLED e TFT;;D2;"";"3 - Telas e LCD";23.90;20
100305;"TELA LCD NEXTION 5″ 800X480 BASIC IHM TOUCH";Displays e Telas;Telas Nextion;;D1;"";"3 - Telas e LCD";977.60;0
100306;"TELA LCD NEXTION 7″ 800X480 BASIC IHM TOUCH";Displays e Telas;Telas Nextion;;D1;"";"3 - Telas e LCD";1075.00;0
100307;"MODULO 74HC595 DISPLAY 7 SEGMENTOS 4 DÍGITOS";Displays e Telas;7 Segmentos e Matriz de LED;;D4;"";"2 - Módulos e shields";13.60;9
100308;"MODULO TM1637 RELÓGIO DIGITAL DISPLAY 7 SEGMENTOS 4 DÍGITOS";Displays e Telas;7 Segmentos e Matriz de LED;;D4;"";"2 - Módulos e shields";9.80;20
100309;"DISPLAY MATRIZ DE LED 8X8MM MAX7219 VERDE";Displays e Telas;7 Segmentos e Matriz de LED;;D4;"";"2 - Módulos e shields";21.90;20
100310;"DISPLAY LCD OLED I2C 0.96POL 128X64PX AZUL AMARELO";Displays e Telas;Displays LCD, OLED e TFT;;D2;"";"3 - Telas e LCD";28.90;27
100311;"TELA LCD NEXTION 4.3″ 480x272 BASIC IHM TOUCH";Displays e Telas;Telas Nextion;;D1;"";"3 - Telas e LCD";535.00;0
100312;"TELA LCD NEXTION 7″ 800X480 ENHANCED IHM TOUCH";Displays e Telas;Telas Nextion;;D1;"";"3 - Telas e LCD";1290.00;0
100313;"PLACA EXPANSÃO TECLADO PARA TELA NEXTION ENHANCED";Displays e Telas;Telas Nextion;;D1;"";"3 - Telas e LCD";32.00;3
100314;"EXPANSÃO I/OS PARA TELA NEXTION ENHANCED";Displays e Telas;Telas Nextion;;D1;"";"3 - Telas e LCD";35.20;0
100315;"TELA LCD NEXTION 3.5″ 480x320 BASIC IHM TOUCH";Displays e Telas;Telas Nextion;;D1;"";"3 - Telas e LCD";499.00;0
100316;"DISPLAY 2004 LCD 20X4 COM FUNDO AZUL";Displays e Telas;Displays LCD, OLED e TFT;;D2;"";"3 - Telas e LCD";39.90;29
100317;"tela lcd nextion 4,3 enhanced 480x272 ihm touch *100317";Displays e Telas;Telas Nextion;;D1;"";"";592.00;0
100318;"TELA LCD NEXTION 3.2 polegadas 400×240 ENHANCED IHM TOUCH";Displays e Telas;Telas Nextion;;D1;"";"3 - Telas e LCD";437.90;0
100319;"tela  nextion 3.2 pol 400x240px ihm touch nx4024t032";Displays e Telas;Telas Nextion;;D1;"";"";489.00;0
100320;"tela lcd nextion 7 enhanced touch capacitivo c/ case *100320";Displays e Telas;Telas Nextion;;D1;"";"";1250.00;0
100321;"TELA LCD NEXTION 7″ 800X480 INTELLIGENT IHM TOUCH CAPACITIVO";Displays e Telas;Telas Nextion;;D1;"";"";1300.00;0
100322;"TELA LCD NEXTION 5″ 800X480 ENHANCED IHM TOUCH";Displays e Telas;Telas Nextion;;D1;"";"";1166.00;2
100323;"DISPLAY LCD TOUCH 3.5 POLEGADAS SPI 480X320 ILI9488";Displays e Telas;Displays LCD, OLED e TFT;;D2;"";"3 - Telas e LCD";154.90;0
100324;"TELA LCD NEXTION 4.3 POLEGADAS INTELLIGENT IHM TOUCH";Displays e Telas;Telas Nextion;;D1;"";"3 - Telas e LCD";837.00;0
100325;"TELA LCD NEXTION 5 POLEGADAS INTELLIGENT IHM TOUCH";Displays e Telas;Telas Nextion;;D1;"";"3 - Telas e LCD";1060.00;2
100326;"TELA LCD NEXTION 7 POLEGADAS INTELLIGENT IHM TOUCH";Displays e Telas;Telas Nextion;;D1;"";"3 - Telas e LCD";1264.90;0
100327;"DISPLAY LCD 16X2 FUNDO VERDE COM MODULO I2C";Displays e Telas;Displays LCD, OLED e TFT;;D2;"";"3 - Telas e LCD";25.90;3
100328;"TELA LCD NEXTION 7 POLEGADAS INTELLIGENT IHM TOUCH COM CASE";Displays e Telas;Telas Nextion;;D1;"";"3 - Telas e LCD";1353.00;11
100329;"DISPLAY LCD OLED I2C 0.96POL 128X64PX AZUL";Displays e Telas;Displays LCD, OLED e TFT;;D2;"";"";28.90;8
100401;"CLP DELTA DVP14SS211T 8 ENTRADAS 6 SAIDAS DIGITAL TRANSISTOR";Automação Industrial;CLP e IHM;;E1;"";"1 - CLPs e IHMs";672.00;3
100402;"IHM COM CLP INCORPORADO DELTA TP04P-16TP1T 8DI 8DO TRANSISTOR";Automação Industrial;CLP e IHM;;E1;"";"1 - CLPs e IHMs";1790.00;1
100403;"CLP DELTADVP12SE11T";Automação Industrial;CLP e IHM;;E1;"";"";;2
100404;"CLP FX3U-24MR 14 ENTRADAS 10 SAIDAS RELÉ RS232 RS485";Automação Industrial;CLP e IHM;;E1;"";"1 - CLPs e IHMs";432.90;1
100405;"CLP FX3U-24MT 14 ENTRADAS 10 SAIDAS TRANSISTOR RS232 RS485";Automação Industrial;CLP e IHM;;E1;"";"1 - CLPs e IHMs";432.90;2
100406;"Expansão clp delta DVP16SP11T";Automação Industrial;CLP e IHM;;E1;"";"";499.00;0
100407;"Expansão clp delta DVP16SP11R";Automação Industrial;CLP e IHM;;E1;"";"";;0
100501;"IHM DELTA 7 POLEGADAS DOP-107BV";Automação Industrial;CLP e IHM;;E1;"";"1 - CLPs e IHMs";1575.00;2
100502;"IHM WEINTEK WEINVIEW 10,1 POLEGADAS MT8102IP SERIAL ETHERNET";Automação Industrial;CLP e IHM;;E1;"";"1 - CLPs e IHMs";3397.00;11
100503;"IHM WEINTEK WEINVIEW 7 POLEGADAS MT8071IP SERIAL E ETHERNET";Automação Industrial;CLP e IHM;;E1;"";"1 - CLPs e IHMs";1659.00;2
100504;"IHM DELTA 10,1 POLEGADAS DOP-110CS";Automação Industrial;CLP e IHM;;E1;"";"1 - CLPs e IHMs";3110.00;11
100505;"IHM TOUCH 10,2 POLEGADAS SAMKOON SK-102QT";Automação Industrial;CLP e IHM;;E1;"";"1 - CLPs e IHMs";1645.00;1
100506;"IHM TOUCH 7 POLEGADAS SAMKOON SK-070QE";Automação Industrial;CLP e IHM;;E1;"";"1 - CLPs e IHMs";990.00;2
100507;"IHM TOUCH 4,3 POLEGADAS SAMKOON EA-043A";Automação Industrial;CLP e IHM;;E1;"";"1 - CLPs e IHMs";619.00;2
100508;"IHM DELTA 4,3 POLEGADAS DOP-103BQ";Automação Industrial;CLP e IHM;;E1;"";"1 - CLPs e IHMs";1329.00;1
100601;"CABO USB PARA PROGRAMAÇÃO CLP DELTA DVP";Automação Industrial;CLP e IHM;;E1;"";"Cabos";137.90;5
101001;"INTERFACE PARA ARDUINO MEGA ENCAIXE TRILHO DIN PARA PAINEL";Placas e Embarcados;Shields e Placas de Interface;;A5;"";"2 - Módulos e shields";284.20;2
101002;"INTERFACE PARA ARDUINO UNO ENCAIXE TRILHO DIN PARA PAINEL";Placas e Embarcados;Shields e Placas de Interface;;A5;"";"2 - Módulos e shields";208.60;0
101003;"CASE ACRÍLICO PARA ARDUINO UNO";Placas e Embarcados;Shields e Placas de Interface;;A5;"";"2 - Módulos e shields";20.80;21
101004;"CASE ACRÍLICO PARA ARDUÍNO MEGA 2560 16U2";Placas e Embarcados;Shields e Placas de Interface;;A5;"";"2 - Módulos e shields";11.80;30
101006;"CASE PARA ARDUINO UNO R3 EM PLASTICO ENCAIXÁVEL";Placas e Embarcados;Shields e Placas de Interface;;A5;"";"2 - Módulos e shields";8.00;1
101007;"CASE ACRÍLICO PARA ARDUÍNO MEGA 2560 CH340";Placas e Embarcados;Shields e Placas de Interface;;A5;"";"2 - Módulos e shields";11.80;20
101008;"Motor de R140 20mm 1.5 a 4.5V DC*101008";Motores, Drivers e Robótica;Motores DC e Caixas de Redução;;G3;"";"";8.40;17
101010;"Interface placa perfurada Arduino mega com bornes *101010";Placas e Embarcados;Shields e Placas de Interface;;A5;"";"";125.00;5
101480;"Potenciômetro linear 500K WH148";Componentes Eletrônicos;Resistores, Potenciômetros e Trimpots;;I1;"";"";4.50;50
109902;"KIT CONTROLE REMOTO INFRAVERMELHO COM RECEPTOR";Módulos;Áudio, Teclados e Controles;;B7;"";"2 - Módulos e shields";12.90;12
110103;"Raspberry Pi3 Model B+ Quadcore 1.4ghz";Placas e Embarcados;Raspberry Pi e Acessórios;;A3;"";"";699.00;0
110105;"RASPBERRY PI4 MODELO B 2GB RAM 1,5GHZ QUAD CORE *110105";Placas e Embarcados;Raspberry Pi e Acessórios;;A3;"";"";1540.00;0
110201;"PLACA EXPANSÃO GPIO RASPBERRY PI2 PI3 Pi4 COM FLAT";Placas e Embarcados;Raspberry Pi e Acessórios;;A3;"";"5 - Acessórios";34.00;11
110203;"POE HAT PARA RASPBERRYPI 3B+ RPI4 POWER OVER ETHERNET*110203";Placas e Embarcados;Raspberry Pi e Acessórios;;A3;"";"";317.00;0
110226;"CASE RASPBERRY PI3 RPI3 EM ACRILICO COM COOLER *111026";Placas e Embarcados;Raspberry Pi e Acessórios;;A3;"";"";45.00;1
110304;"TELA LCD WAVESHARE HDMI 7 TOUCH 1024X600 RASPBERRYPI";Displays e Telas;Telas para Raspberry Pi;;D3;"";"3 - Telas e LCD";862.00;1
110306;"TELA LCD OFICIAL RASPBERRY PI 7 POL 800X480 TOUCH";Displays e Telas;Telas para Raspberry Pi;;D3;"";"3 - Telas e LCD";1249.00;0
110307;"TELA LCD HDMI 7 TOUCH 1024X600 SEM TOUCH PARA RASPBERRYPI";Displays e Telas;Telas para Raspberry Pi;;D3;"";"";397.00;0
110402;"FLAT ADAPTADOR 16CM PARA CÂMERA  RASPBERRYPI ZERO W";Placas e Embarcados;Raspberry Pi e Acessórios;;A3;"";"5 - Acessórios";14.00;9
110403;"CÂMERA PARA RASPBERRY PI 5MP V1.3";Placas e Embarcados;Raspberry Pi e Acessórios;;A3;"";"2 - Módulos e shields";75.00;2
110404;"CABO FLAT 30CM EXTENSOR PARA CÂMERA RASPBERRY PI";Placas e Embarcados;Raspberry Pi e Acessórios;;A3;"";"Cabos";15.00;0
110405;"Câmera Para Raspberry 8mp 1080p V2 noir noturno";Placas e Embarcados;Raspberry Pi e Acessórios;;A3;"";"";;0
110406;"Flat 60cm para camera RPI";Placas e Embarcados;Raspberry Pi e Acessórios;;A3;"";"";25.00;18
110501;"Controle super nintendo USB *110501";Placas e Embarcados;Raspberry Pi e Acessórios;;A3;"";"";24.90;1
110502;"controle xbox 360 com receptor *110502";Placas e Embarcados;Raspberry Pi e Acessórios;;A3;"";"";199.90;1
111001;"CARTÃO MICRO SD 16GB 80MB/S CLASSE10 SANDISK";Módulos;RTC, Memória e Cartões SD;;B6;"";"5 - Acessórios";39.90;2
111002;"CARTÃO MICRO SD 32GB 100MB/S CLASSE10 SANDISK";Módulos;RTC, Memória e Cartões SD;;B6;"";"5 - Acessórios";64.00;0
111003;"MINI TECLADO SEM FIO COM MOUSE TOUCH";Placas e Embarcados;Raspberry Pi e Acessórios;;A3;"";"5 - Acessórios";33.30;2
111006;"Leitor Adaptador Usb Para Cartão Micro Sd  *111006";Módulos;RTC, Memória e Cartões SD;;B6;"";"";2.90;50
111007;"CARTÃO MICRO SD 64GB 80MB/S CLASSE10 SANDISK";Módulos;RTC, Memória e Cartões SD;;B6;"";"5 - Acessórios";56.00;3
111008;"FONTE CHAVEADA 5V 3A MICRO USB PARA RASPBERRY PI3 ESP32";Energia e Alimentação;Fontes Chaveadas;;F1;"";"Fontes";44.90;17
111010;"KIT 03 PEÇAS DISSIPADOR DE CALOR PARA RASPBERRY PI";Placas e Embarcados;Raspberry Pi e Acessórios;;A3;"";"5 - Acessórios";5.60;58
111011;"KIT ADAPTADOR RASPBERRYPI ZERO HDMI USB PINOS COM 03 PÇS";Placas e Embarcados;Raspberry Pi e Acessórios;;A3;"";"5 - Acessórios";31.90;4
111016_4h;"Divisor Splitter HDMI 1 Hdmi Macho Para 2 Hdmi Fêmea *111016";Conectores e Cabos;Conectores DB, RJ45, HDMI e Adaptadores;;J4;"";"";30.00;4
111017;"Divisor cabo HDMI Splitter HDMI 1x4 com fonte *111017";Conectores e Cabos;Conectores DB, RJ45, HDMI e Adaptadores;;J4;"";"";92.99;1
111018;"Conversor HDMI para VGA *111018";Conectores e Cabos;Conectores DB, RJ45, HDMI e Adaptadores;;J4;"";"";41.90;2
111019;"ADAPTADOR MICRO HDMI MACHO PARA HDMI FÊMEA";Conectores e Cabos;Conectores DB, RJ45, HDMI e Adaptadores;;J4;"";"Conversores";12.00;40
111020;"FONTE CHAVEADA 5V 3A TIPO C PARA RASPBERRY PI4  RPI4 *111020";Energia e Alimentação;Fontes Chaveadas;;F1;"";"";57.00;8
111021;"Microventilador para RaspberryPi 5V 30x30mm *111021";Placas e Embarcados;Raspberry Pi e Acessórios;;A3;"";"";13.00;16
111022;"CASE OFICIAL RASPBERRY PI4 RPI4 BRANCO E VERMELHO *111022";Placas e Embarcados;Raspberry Pi e Acessórios;;A3;"";"";52.80;17
111023;"OBSOLETO-DISSIPADOR PARA RASPBERRY PI4 RPI4 ALTA PERFORMANCE *111023";NÃO PUBLICAR;Obsoleto, uso interno ou teste;;X0;"";"";116.30;0
111024_z;"DISSIPADOR EM ALUMÍNIO RASPBERRY PI4 RPI4 KIT 4 PEÇAS*111024";Placas e Embarcados;Raspberry Pi e Acessórios;;A3;"";"";18.35;16
111025;"CASE RASPBERRY PI4 RPI4 EM ABS PRETO COM COOLER *111025";Placas e Embarcados;Raspberry Pi e Acessórios;;A3;"";"";82.00;10
111027;"Fonte chaveada 5V 3.1A saida tipoC *111027";Energia e Alimentação;Fontes Chaveadas;;F1;"";"";30.00;22
111029;"CASE OFICIAL RASPBERRY PI3 RPI3 BRANCO E VERMELHO *111029";Placas e Embarcados;Raspberry Pi e Acessórios;;A3;"";"";30.00;5
111030;"MICROFONE USB PARA RASPBERRY PI";Placas e Embarcados;Raspberry Pi e Acessórios;;A3;"";"5 - Acessórios";55.00;0
111031;"Case para tela LCD 7 pol Oficial Raspberry Pi4 preto";Displays e Telas;Telas para Raspberry Pi;;D3;"";"";179.90;0
111032;"ADAPTADOR VÍDEO WAVLINK MULTI DISPLAY USB PARA HDMI VGA DVI";Conectores e Cabos;Conectores DB, RJ45, HDMI e Adaptadores;;J4;"";"";418.00;1
120101;"INTERFACE CONTROLADORA USB PARA CNC 4EIXOS COM CABO + MACH3";CNC, Laser e Impressão 3D;Controladoras e Eletrônica CNC;;H4;"";"Placas de controle";439.00;2
120102;"INTERFACE CONTROLADORA PARA CNC 5 EIXOS COM CABO + MACH3";CNC, Laser e Impressão 3D;Controladoras e Eletrônica CNC;;H4;"";"Placas de controle";58.90;0
120103;"Interface controladora USB Cnc 4 Eixos + Cabo + Mach3 RNR ecomotion";CNC, Laser e Impressão 3D;Controladoras e Eletrônica CNC;;H4;"";"";219.90;7
120105;"PLACA MKS DLC PARA CNC ROUTER LASER GRBL COM CABO USB";CNC, Laser e Impressão 3D;Controladoras e Eletrônica CNC;;H4;"";"Placas de controle";270.00;1
120107;"Interface controladora laser CO2 RDC6445G *120107";CNC, Laser e Impressão 3D;Controladoras e Eletrônica CNC;;H4;"";"";;0
120108;"Fonte para tubo laser co2 40w *120108";CNC, Laser e Impressão 3D;Laser: Módulos e Peças;;H7;"";"";887.00;0
120109_z;"FIO CABO ALTA TENSAO PARA LASER CO2 *120109";CNC, Laser e Impressão 3D;Laser: Módulos e Peças;;H7;"";"";40.00;0
120110;"Conector para cabo alta tensao sado em laser co2*120110";CNC, Laser e Impressão 3D;Laser: Módulos e Peças;;H7;"";"";65.00;1
120111;"Fonte para tubo laser co2 100w  *120111";CNC, Laser e Impressão 3D;Laser: Módulos e Peças;;H7;"";"";;2
120112;"Kit espelho e lentes com suporte laser co2 *120112";CNC, Laser e Impressão 3D;Laser: Módulos e Peças;;H7;"";"";1035.00;1
120116;"Medidor potencia laser *120116";CNC, Laser e Impressão 3D;Laser: Módulos e Peças;;H7;"";"";;0
120117;"Fio de silicone vermelho 14AWG *120117";Conectores e Cabos;Fios, Jumpers e Cabos Diversos;;J6;"";"";;5
120118;"Fio de silicone preto 14AWG *120118";Conectores e Cabos;Fios, Jumpers e Cabos Diversos;;J6;"";"";;5
120119;"Fio de silicone vermelho 15AWG *120119";Conectores e Cabos;Fios, Jumpers e Cabos Diversos;;J6;"";"";;5
120120;"Fio de silicone preto 15AWG *120120";Conectores e Cabos;Fios, Jumpers e Cabos Diversos;;J6;"";"";;5
120121;"Oculos protecao laser *120121";CNC, Laser e Impressão 3D;Laser: Módulos e Peças;;H7;"";"";57.00;5
120122;"Espuma proteção dupla face para  tubo laser 25mm de largura *120122";CNC, Laser e Impressão 3D;Laser: Módulos e Peças;;H7;"";"";;0
120123;"Medidor potencia laser 0-10W *120123";CNC, Laser e Impressão 3D;Laser: Módulos e Peças;;H7;"";"";;0
120124;"Fio de silicone preto e vermelho 16AWG *120124";Conectores e Cabos;Fios, Jumpers e Cabos Diversos;;J6;"";"";;11
120125;"Fio de silicone preto e vermelho 24AWG *120125";Conectores e Cabos;Fios, Jumpers e Cabos Diversos;;J6;"";"";;10
120127;"Suporte para tubo de laser CO2(par)";CNC, Laser e Impressão 3D;Laser: Módulos e Peças;;H7;"";"";245.00;1
120128;"Mangueira flexível para camera";CNC, Laser e Impressão 3D;Laser: Módulos e Peças;;H7;"";"";;2
120129;"Kit redução 60 dentes motor Nema23 para laser CO2";CNC, Laser e Impressão 3D;Movimento Linear;Polias, Roldanas e Correias;H1e;"";"";;1
120130;"Interface controladora USB Cnc 5 Eixos + Cabo + Mach3";CNC, Laser e Impressão 3D;Controladoras e Eletrônica CNC;;H4;"";"";230.00;2
120201;"PILLOW BLOCK FECHADO 16MM SC16UU COM ROLAMENTO LINEAR";CNC, Laser e Impressão 3D;Movimento Linear;Eixos, Guias e Rolamentos Lineares;H1b;"";"Rolamento Linear e Pillow Block";35.90;16
120202;"PILLOW BLOCK ABERTO 16MM SBR16UU COM ROLAMENTO LINEAR";CNC, Laser e Impressão 3D;Movimento Linear;Eixos, Guias e Rolamentos Lineares;H1b;"";"Rolamento Linear e Pillow Block";35.20;13
120203;"PILLOW BLOCK ABERTO 20MM SBR20UU COM ROLAMENTO LINEAR";CNC, Laser e Impressão 3D;Movimento Linear;Eixos, Guias e Rolamentos Lineares;H1b;"";"Rolamento Linear e Pillow Block";43.20;29
120204;"ROLAMENTO LINEAR 8MM LM8UU";CNC, Laser e Impressão 3D;Movimento Linear;Eixos, Guias e Rolamentos Lineares;H1b;"";"Rolamento Linear e Pillow Block";7.40;56
120205;"ROLAMENTO LINEAR 16MM LM16UU";CNC, Laser e Impressão 3D;Movimento Linear;Eixos, Guias e Rolamentos Lineares;H1b;"";"Rolamento Linear e Pillow Block";15.70;49
120206;"PILLOW BLOCK FECHADO 20MM SC20UU COM ROLAMENTO LINEAR";CNC, Laser e Impressão 3D;Movimento Linear;Eixos, Guias e Rolamentos Lineares;H1b;"";"Rolamento Linear e Pillow Block";34.70;10
120207;"ROLAMENTO LINEAR 12MM LM12UU";CNC, Laser e Impressão 3D;Movimento Linear;Eixos, Guias e Rolamentos Lineares;H1b;"";"Rolamento Linear e Pillow Block";10.40;8
120208;"PILLOW BLOCK FECHADO 12MM SC12UU COM ROLAMENTO LINEAR";CNC, Laser e Impressão 3D;Movimento Linear;Eixos, Guias e Rolamentos Lineares;H1b;"";"Rolamento Linear e Pillow Block";20.80;14
120209;"PILLOW BLOCK FECHADO 8MM SC8UU COM ROLAMENTO LINEAR";CNC, Laser e Impressão 3D;Movimento Linear;Eixos, Guias e Rolamentos Lineares;H1b;"";"Rolamento Linear e Pillow Block";19.20;24
120210;"ROLAMENTO 608ZZ BLINDADO ABEC1 8X22X7MM";CNC, Laser e Impressão 3D;Movimento Linear;Eixos, Guias e Rolamentos Lineares;H1b;"";"Polias e Roldanas";2.00;71
120211;"PILLOW BLOCK FECHADO 10MM SC10UU COM ROLAMENTO LINEAR";CNC, Laser e Impressão 3D;Movimento Linear;Eixos, Guias e Rolamentos Lineares;H1b;"";"Rolamento Linear e Pillow Block";39.60;10
120212;"BOMBA DE AR COMPRESSOR PARA MAQUINA GRAVAÇÃO A LASER";Motores, Drivers e Robótica;Bombas, Válvulas e Solenoides;;G6;"CNC, Laser e Impressão 3D > Laser: Módulos e Peças";"Acessórios";722.00;1
120213;"Maquina laser 10w TTS-10";CNC, Laser e Impressão 3D;Máquinas e Equipamentos;;H9;"";"";;1
120224;"ROLAMENTO LINEAR 10MM LM10UU";CNC, Laser e Impressão 3D;Movimento Linear;Eixos, Guias e Rolamentos Lineares;H1b;"";"Rolamento Linear e Pillow Block";7.90;21
120225;"ROLAMENTO LINEAR LMK12UU COM FLANGE QUADRADA PARA EIXO 12MM";CNC, Laser e Impressão 3D;Movimento Linear;Eixos, Guias e Rolamentos Lineares;H1b;"";"Rolamento Linear e Pillow Block";30.40;32
120226;"ROLAMENTO LINEAR LMK8UU COM FLANGE QUADRADA PARA EIXO 8MM";CNC, Laser e Impressão 3D;Movimento Linear;Eixos, Guias e Rolamentos Lineares;H1b;"";"Rolamento Linear e Pillow Block";17.50;1
120227;"ROLAMENTO LINEAR LMK16UU COM FLANGE QUADRADA PARA EIXO 16MM";CNC, Laser e Impressão 3D;Movimento Linear;Eixos, Guias e Rolamentos Lineares;H1b;"";"Rolamento Linear e Pillow Block";30.40;18
120228;"ROLAMENTO COM FLANGE F608ZZ (8X22X7MM)";CNC, Laser e Impressão 3D;Movimento Linear;Eixos, Guias e Rolamentos Lineares;H1b;"";"Polias e Roldanas";12.30;44
120229;"PILLOW BLOCK ABERTO 12MM SBR12UU COM ROLAMENTO LINEAR";CNC, Laser e Impressão 3D;Movimento Linear;Eixos, Guias e Rolamentos Lineares;H1b;"";"Rolamento Linear e Pillow Block";54.00;36
120230;"ROLAMENTO LINEAR LMK10UU COM FLANGE QUADRADA PARA EIXO 10MM";CNC, Laser e Impressão 3D;Movimento Linear;Eixos, Guias e Rolamentos Lineares;H1b;"";"Rolamento Linear e Pillow Block";37.00;25
120231;"ROLAMENTO LINEAR LMK20UU COM FLANGE QUADRADA PARA EIXO 20MM";CNC, Laser e Impressão 3D;Movimento Linear;Eixos, Guias e Rolamentos Lineares;H1b;"";"Rolamento Linear e Pillow Block";55.00;4
120232;"Rolamento com flange F688ZZ 8x16x5mm";CNC, Laser e Impressão 3D;Movimento Linear;Eixos, Guias e Rolamentos Lineares;H1b;"";"";;46
120301;"CASTANHA PORCA TR8 PASSO 8MM LATÃO PARA FUSO TRAPEZOIDAL";CNC, Laser e Impressão 3D;Movimento Linear;Fusos e Castanhas;H1a;"";"Fusos";12.90;23
120302;"FUSO TRAPEZOIDAL TR8 500MM PASSO 8MM COM CASTANHA";CNC, Laser e Impressão 3D;Movimento Linear;Fusos e Castanhas;H1a;"";"Fusos";53.90;45
120303;"FUSO TRAPEZOIDAL TR8 300MM PASSO 8MM COM CASTANHA";CNC, Laser e Impressão 3D;Movimento Linear;Fusos e Castanhas;H1a;"";"Fusos";33.90;22
120305;"EIXO LINEAR 16MM H7 TEMPERADO RETIFICADO CROMADO 1MT";CNC, Laser e Impressão 3D;Movimento Linear;Eixos, Guias e Rolamentos Lineares;H1b;"";"Eixo Linear / Guia Linear";198.00;7
120306;"FUSO TRAPEZOIDAL TR8 350MM PASSO 8MM COM CASTANHA";CNC, Laser e Impressão 3D;Movimento Linear;Fusos e Castanhas;H1a;"";"Fusos";34.90;14
120308_4h;"Eixo linear 8mm H7 1mt Temperado Cromado para Cnc *120308";CNC, Laser e Impressão 3D;Movimento Linear;Eixos, Guias e Rolamentos Lineares;H1b;"";"";149.00;0
120309;"Eixo linear 12mm H7 1mt Temperado Cromado para Cnc *120309";CNC, Laser e Impressão 3D;Movimento Linear;Eixos, Guias e Rolamentos Lineares;H1b;"";"";145.00;5
120310_4h;"Eixo linear 20mm H7 1mt Temperado Cromado para Cnc *120310";CNC, Laser e Impressão 3D;Movimento Linear;Eixos, Guias e Rolamentos Lineares;H1b;"";"";225.00;0
120313;"FUSO DE ESFERAS SFU1605 16MM X 700MM PASSO 5MM COM CASTANHA";CNC, Laser e Impressão 3D;Movimento Linear;Fusos e Castanhas;H1a;"";"Fusos";629.00;5
120315;"FUSO DE ESFERAS SFU1605 16MM X 500MM PASSO 5MM COM CASTANHA";CNC, Laser e Impressão 3D;Movimento Linear;Fusos e Castanhas;H1a;"";"Fusos";429.00;2
120316;"FUSO DE ESFERAS SFU1605 16MM X 300MM PASSO 5MM COM CASTANHA";CNC, Laser e Impressão 3D;Movimento Linear;Fusos e Castanhas;H1a;"";"Fusos";329.00;2
120317;"castanha rm1605 para fuso de esfera";CNC, Laser e Impressão 3D;Movimento Linear;Fusos e Castanhas;H1a;"";"";159.90;4
120318;"FUSO TRAPEZOIDAL TR8 500MM PASSO 2MM COM CASTANHA";CNC, Laser e Impressão 3D;Movimento Linear;Fusos e Castanhas;H1a;"";"Fusos";66.90;0
120319;"CASTANHA PORCA TR8 PASSO 2MM LATÃO PARA FUSO TRAPEZOIDAL";CNC, Laser e Impressão 3D;Movimento Linear;Fusos e Castanhas;H1a;"";"Fusos";11.90;30
120326;"FUSO TRAPEZOIDAL TR8 100MM PASSO 2MM COM CASTANHA";CNC, Laser e Impressão 3D;Movimento Linear;Fusos e Castanhas;H1a;"";"Fusos";29.90;1
120327;"FUSO TRAPEZOIDAL TR8 200MM PASSO 2MM COM CASTANHA";CNC, Laser e Impressão 3D;Movimento Linear;Fusos e Castanhas;H1a;"";"Fusos";43.90;8
120328;"FUSO TRAPEZOIDAL TR8 300MM PASSO 2MM COM CASTANHA";CNC, Laser e Impressão 3D;Movimento Linear;Fusos e Castanhas;H1a;"";"Fusos";56.90;0
120336_4h;"Eixo linear 10mm H7 1mt Temperado Cromado para Cnc *120336";CNC, Laser e Impressão 3D;Movimento Linear;Eixos, Guias e Rolamentos Lineares;H1b;"";"";135.00;2
120338;"FUSO TRAPEZOIDAL TR8 600MM PASSO 2MM COM CASTANHA";CNC, Laser e Impressão 3D;Movimento Linear;Fusos e Castanhas;H1a;"";"Fusos";129.90;0
120339;"FUSO TRAPEZOIDAL TR8 600MM PASSO 8MM COM CASTANHA";CNC, Laser e Impressão 3D;Movimento Linear;Fusos e Castanhas;H1a;"";"Fusos";99.00;3
120340;"Kit Fuso trapezoidal 1200mm passo 8mm + 2 KP08 + acoplamento 8x8mm";CNC, Laser e Impressão 3D;Movimento Linear;Fusos e Castanhas;H1a;"";"";330.00;0
120341_4h;"EIXO LINEAR 16MM SUPORTE ALUMINIO TEMPERADO CROMADO *120341";CNC, Laser e Impressão 3D;Movimento Linear;Eixos, Guias e Rolamentos Lineares;H1b;"";"";321.00;8
120342;"EIXO LINEAR 20MM SUPORTE ALUMINIO TEMPERADO CROMADO *120342";CNC, Laser e Impressão 3D;Movimento Linear;Eixos, Guias e Rolamentos Lineares;H1b;"";"";368.00;14
120343;"GUIA LINEAR MGN15H 700MM COM PATIM";CNC, Laser e Impressão 3D;Movimento Linear;Eixos, Guias e Rolamentos Lineares;H1b;"";"Eixo Linear / Guia Linear";430.00;0
120344;"GUIA LINEAR MGN15H 350MM COM PATIM";CNC, Laser e Impressão 3D;Movimento Linear;Eixos, Guias e Rolamentos Lineares;H1b;"";"Eixo Linear / Guia Linear";255.00;3
120345;"GUIA LINEAR MGN15H 800MM COM PATIM";CNC, Laser e Impressão 3D;Movimento Linear;Eixos, Guias e Rolamentos Lineares;H1b;"";"";447.00;0
120345_z;"EIXO LINEAR 12MM SUPORTE ALUMINIO TEMPERADO CROMADO *120345";CNC, Laser e Impressão 3D;Movimento Linear;Eixos, Guias e Rolamentos Lineares;H1b;"";"";265.00;13
120404;"MOTOR DC 775 150W 12-24V DC 20000RPM MINI SPINDLE";CNC, Laser e Impressão 3D;Spindles, Inversores e Acessórios;;H5;"";"Motores";90.00;6
120405;"Motor spindle industrial 1.1HP refrigerado a ar com inversor *120405";CNC, Laser e Impressão 3D;Spindles, Inversores e Acessórios;;H5;"";"";3100.00;0
120406;"Motor spindle industrial 3HP refrigerado a ar com inversor *120406";CNC, Laser e Impressão 3D;Spindles, Inversores e Acessórios;;H5;"";"";3580.00;0
120407;"Motor spindle industrial 3CV refrigerado a água com inversor *120407";CNC, Laser e Impressão 3D;Spindles, Inversores e Acessórios;;H5;"";"";3850.00;0
120408;"Inversor de frequência 2,2kw 3cv 220v Monofásico";CNC, Laser e Impressão 3D;Spindles, Inversores e Acessórios;;H5;"";"";;3
120409;"MOTOR DC 775 24V DC 15000RPM MINI SPINDLE PCB";CNC, Laser e Impressão 3D;Spindles, Inversores e Acessórios;;H5;"";"Motores";132.00;0
120410;"Motor spindle industrial 3CV refrigerado a água";CNC, Laser e Impressão 3D;Spindles, Inversores e Acessórios;;H5;"";"";;0
120411;"Suporte em alumínio para spindle 80mm de diametro";CNC, Laser e Impressão 3D;Spindles, Inversores e Acessórios;;H5;"";"";;0
120412;"MOTOR SPINDLE INDUSTRIAL 3CV REFRIGERADO A ÁGUA COM INVERSOR";CNC, Laser e Impressão 3D;Spindles, Inversores e Acessórios;;H5;"";"4 - Spindles";2800.00;3
120413;"Kit Motor spindle industrial 3CV refrigerado a ar com inversor";CNC, Laser e Impressão 3D;Spindles, Inversores e Acessórios;;H5;"";"";2400.00;1
120414;"MOTOR DC COM REDUÇÃO METÁLICA REVERSÍVEL JGY370 12v 10 Rpm";Motores, Drivers e Robótica;Motores DC e Caixas de Redução;;G3;"";"";69.90;5
120415;"MOTOR DC COM REDUÇÃO METÁLICA REVERSÍVEL JGY370 12v 20 Rpm";Motores, Drivers e Robótica;Motores DC e Caixas de Redução;;G3;"";"";69.90;5
120416;"MOTOR DC COM REDUÇÃO METÁLICA REVERSÍVEL JGY370 12v 150 Rpm";Motores, Drivers e Robótica;Motores DC e Caixas de Redução;;G3;"";"";90.00;5
120417;"KIT SPINDLE MOTOR CNC 800W 20000RPM COM SUPORTE E FONTE";CNC, Laser e Impressão 3D;Spindles, Inversores e Acessórios;;H5;"";"";1190.00;2
120509;"MOTOR DE PASSO NEMA 17 - 1.7A  4,2KGF 17HS4401";Motores, Drivers e Robótica;Motores de Passo e Servos Industriais;;G1;"";"Motor de passo";72.00;11
120511_4h;"MOTOR DE PASSO  NEMA23 19KGF 2,1A CNC ROUTER *120511";Motores, Drivers e Robótica;Motores de Passo e Servos Industriais;;G1;"";"";319.00;0
120512;"MOTOR DE PASSO NEMA34 90KGF 3A  CNC ROUTER PLASMA";Motores, Drivers e Robótica;Motores de Passo e Servos Industriais;;G1;"";"";700.00;0
120513;"MOTOR DE PASSO NEMA34 35KGF CNC ROUTER PLASMA";Motores, Drivers e Robótica;Motores de Passo e Servos Industriais;;G1;"";"Motor de passo";579.00;2
120514;"MOTOR DE PASSO NEMA34 120KGF DUPLO EIXO  *120514";Motores, Drivers e Robótica;Motores de Passo e Servos Industriais;;G1;"";"";697.00;3
120515;"Motor de passo Nema17 4,2Kgf 0.9graus *120515";Motores, Drivers e Robótica;Motores de Passo e Servos Industriais;;G1;"";"";150.00;3
120516;"MOTOR DE PASSO NEMA 23 - 2,8A 12,6KGF";Motores, Drivers e Robótica;Motores de Passo e Servos Industriais;;G1;"";"Motor de passo";139.20;4
120517;"MOTOR DE PASSO NEMA 23 - 3A 22KGF";Motores, Drivers e Robótica;Motores de Passo e Servos Industriais;;G1;"";"Motor de passo";205.00;5
120518;"MOTOR DE PASSO NEMA 34 - 2,8A 68KGF";Motores, Drivers e Robótica;Motores de Passo e Servos Industriais;;G1;"";"Motor de passo";504.00;0
120520;"MOTOR DE PASSO COM ENCODER EASY SERVO + DRIVER 45KGF 6,0A";Motores, Drivers e Robótica;Motores de Passo e Servos Industriais;;G1;"";"Motor de passo";1120.00;1
120521;"MOTOR DE PASSO NEMA 17 - 2A  5,9KGF 17hs8401";Motores, Drivers e Robótica;Motores de Passo e Servos Industriais;;G1;"";"";;0
120522;"Redutor planetário Nema34 4:1";Motores, Drivers e Robótica;Motores de Passo e Servos Industriais;;G1;"";"";;2
120523;"Servo motor AC 400w sem freio com drive";Motores, Drivers e Robótica;Motores de Passo e Servos Industriais;;G1;"";"";;1
120524;"MOTOR DE PASSO COM ENCODER EASY SERVO + DRIVER 85KGF";Motores, Drivers e Robótica;Motores de Passo e Servos Industriais;;G1;"";"";;0
120525;"MOTOR DE PASSO COM ENCODER EASY SERVO + DRIVER 85KGF COM FREIO";Motores, Drivers e Robótica;Motores de Passo e Servos Industriais;;G1;"";"";;0
120526;"MOTOR DE PASSO COM ENCODER EASY SERVO + DRIVER 120KGF";Motores, Drivers e Robótica;Motores de Passo e Servos Industriais;;G1;"";"";;0
120527;"MOTOR DE PASSO COM ENCODER EASY SERVO + DRIVER 120KGF COM FREIO";Motores, Drivers e Robótica;Motores de Passo e Servos Industriais;;G1;"";"";;0
120604;"DRIVER MOTOR DE PASSO A4988 COM DISSIPADOR";Motores, Drivers e Robótica;Drivers para Motor de Passo;;G2;"";"Driver";12.80;71
120605;"DRIVER MOTOR DE PASSO DRV8825 COM DISSIPADOR";Motores, Drivers e Robótica;Drivers para Motor de Passo;;G2;"";"Driver";16.00;35
120607;"CONTROLADOR DE VELOCIDADE PARA MOTOR DC 6-90V 15A PWM";Motores, Drivers e Robótica;Drivers e Controladores de Motor DC;;G5;"";"Módulos";73.00;24
120608;"CONTROLADOR PWM DE VELOCIDADE PARA MOTOR DC 10-50V 40A 2000W";Motores, Drivers e Robótica;Drivers e Controladores de Motor DC;;G5;"";"Módulos";127.00;8
120609;"MODULO DE EXPANSÃO PARA DRIVER A4988 DRV8825";Motores, Drivers e Robótica;Drivers para Motor de Passo;;G2;"";"2 - Módulos e shields";16.00;10
120610;"DRIVER SILENCIOSO MOTOR DE PASSO TMC2100 IMPRESSORA 3D";Motores, Drivers e Robótica;Drivers para Motor de Passo;;G2;"";"Driver";46.00;0
120611;"MODULO DIODO PROTEÇÃO PARA DRIVER DRV8825 A4988 TMC2100";Motores, Drivers e Robótica;Drivers para Motor de Passo;;G2;"";"2 - Módulos e shields";23.00;27
120614;"DRIVER PROFISSIONAL DM556 5,6A PARA MOTOR DE PASSO";Motores, Drivers e Robótica;Drivers para Motor de Passo;;G2;"";"Driver";143.00;0
120615_z;"Drive TMC2130 *120615";Motores, Drivers e Robótica;Drivers para Motor de Passo;;G2;"";"";63.00;5
120616_z;"Drive TMC2208 *120616";Motores, Drivers e Robótica;Drivers para Motor de Passo;;G2;"";"";48.30;5
120617;"DRIVE DSP PARA MOTOR DE PASSO DM860H 7,2A COM COOLER *120617";Motores, Drivers e Robótica;Drivers para Motor de Passo;;G2;"";"";525.00;6
120618;"Drive TMC2209 *120618";Motores, Drivers e Robótica;Drivers para Motor de Passo;;G2;"";"";49.90;3
120619;"Drive para motor de passo TB6560*120619";Motores, Drivers e Robótica;Drivers para Motor de Passo;;G2;"";"";81.90;6
120620;"Extensão drive externo *120620";Motores, Drivers e Robótica;Drivers para Motor de Passo;;G2;"";"";15.00;10
120621;"Easy drive";Motores, Drivers e Robótica;Drivers para Motor de Passo;;G2;"";"";1230.00;2
120701;"POLIA GT2 20 DENTES COM FURO 5MM PARA CORREIA 6MM";CNC, Laser e Impressão 3D;Movimento Linear;Polias, Roldanas e Correias;H1e;"";"Polias e Roldanas";9.60;46
120702;"POLIA GT2 40 DENTES COM FURO 8MM PARA CORREIA 6MM";CNC, Laser e Impressão 3D;Movimento Linear;Polias, Roldanas e Correias;H1e;"";"Polias e Roldanas";19.20;22
120703;"POLIA GT2 60 DENTES COM FURO 8MM PARA CORREIA 6MM";CNC, Laser e Impressão 3D;Movimento Linear;Polias, Roldanas e Correias;H1e;"";"Polias e Roldanas";35.40;74
120704;"POLIA ROLDANA 24MM D-TYPE PARA PERFIL V-SLOT";CNC, Laser e Impressão 3D;Movimento Linear;Polias, Roldanas e Correias;H1e;"";"Polias e Roldanas";12.90;72
120705;"POLIA ROLDANA 24MM V-TYPE PARA PERFIL V-SLOT";CNC, Laser e Impressão 3D;Movimento Linear;Polias, Roldanas e Correias;H1e;"";"Polias e Roldanas";9.90;16
120706;"POLIA GT2 16 DENTES COM FURO 5MM PARA CORREIA 6MM";CNC, Laser e Impressão 3D;Movimento Linear;Polias, Roldanas e Correias;H1e;"";"Polias e Roldanas";12.40;18
120707;"POLIA GT2 20 DENTES COM FURO 8MM PARA CORREIA 6MM";CNC, Laser e Impressão 3D;Movimento Linear;Polias, Roldanas e Correias;H1e;"";"Polias e Roldanas";13.00;61
120708;"POLIA GT2 PASSIVA 20 DENTES COM FURO 5MM PARA CORREIA 6MM";CNC, Laser e Impressão 3D;Movimento Linear;Polias, Roldanas e Correias;H1e;"";"Polias e Roldanas";12.70;28
120709;"POLIA GT2 20 DENTES COM FURO 6,35MM PARA CORREIA 6MM";CNC, Laser e Impressão 3D;Movimento Linear;Polias, Roldanas e Correias;H1e;"";"Polias e Roldanas";10.15;167
120710;"POLIA GT2 PASSIVA LISA COM FURO 5MM PARA CORREIA 6MM";CNC, Laser e Impressão 3D;Movimento Linear;Polias, Roldanas e Correias;H1e;"";"Polias e Roldanas";10.60;8
120711;"POLIA ROLDANA 24MM V-TYPE EM METAL PARA PERFIL V-SLOT";CNC, Laser e Impressão 3D;Movimento Linear;Polias, Roldanas e Correias;H1e;"";"Polias e Roldanas";31.90;0
120712;"POLIA ROLDANA 15MM D-TYPE PARA PERFIL V-SLOT";CNC, Laser e Impressão 3D;Movimento Linear;Polias, Roldanas e Correias;H1e;"";"Polias e Roldanas";10.90;76
120714;"POLIA PASSIVA LISA COM FURO 5MM PARA CORREIA 9MM";CNC, Laser e Impressão 3D;Movimento Linear;Polias, Roldanas e Correias;H1e;"";"Polias e Roldanas";13.20;0
120715;"POLIA GT2 30 DENTES COM FURO 5MM PARA CORREIA 6MM";CNC, Laser e Impressão 3D;Movimento Linear;Polias, Roldanas e Correias;H1e;"";"Polias e Roldanas";23.20;10
120716;"POLIA GT2 30 DENTES COM FURO 6,35MM PARA CORREIA 6MM";CNC, Laser e Impressão 3D;Movimento Linear;Polias, Roldanas e Correias;H1e;"";"Polias e Roldanas";24.00;10
120717;"POLIA GT2 30 DENTES COM FURO 8MM PARA CORREIA 6MM";CNC, Laser e Impressão 3D;Movimento Linear;Polias, Roldanas e Correias;H1e;"";"Polias e Roldanas";24.80;39
120720;"POLIA GT2 PASSIVA 20 DENTES COM FURO 5MM PARA CORREIA 10MM";CNC, Laser e Impressão 3D;Movimento Linear;Polias, Roldanas e Correias;H1e;"";"Polias e Roldanas";11.20;45
120721;"POLIA GT2 PASSIVA LISA COM FURO 5MM PARA CORREIA 10MM";CNC, Laser e Impressão 3D;Movimento Linear;Polias, Roldanas e Correias;H1e;"";"Polias e Roldanas";11.20;38
120722;"POLIA GT2 20 DENTES FURO 5MM PARA CORREIA 10MM";CNC, Laser e Impressão 3D;Movimento Linear;Polias, Roldanas e Correias;H1e;"";"Polias e Roldanas";18.00;40
120723;"POLIA GT2 20 DENTES FURO 6,35MM PARA CORREIA 10MM";CNC, Laser e Impressão 3D;Movimento Linear;Polias, Roldanas e Correias;H1e;"";"Polias e Roldanas";19.50;15
120724;"POLIA GT2 20 DENTES FURO 8MM PARA CORREIA 10MM";CNC, Laser e Impressão 3D;Movimento Linear;Polias, Roldanas e Correias;H1e;"";"Polias e Roldanas";18.00;40
120725;"POLIA GT2 60 DENTES COM FURO 6,35MM PARA CORREIA 6MM";CNC, Laser e Impressão 3D;Movimento Linear;Polias, Roldanas e Correias;H1e;"";"Polias e Roldanas";35.40;32
120727_z;"Polia GT2 10mm 30 dentes furo 5mm openbuiders *120727";CNC, Laser e Impressão 3D;Movimento Linear;Polias, Roldanas e Correias;H1e;"";"";19.90;20
120728_z;"Polia GT2 10mm 32 dentes furo 8mm openbuiders *120728";CNC, Laser e Impressão 3D;Movimento Linear;Polias, Roldanas e Correias;H1e;"";"";27.00;24
120729_z;"Polia GT2 10mm 30 dentes furo 8mm openbuiders *120729";CNC, Laser e Impressão 3D;Movimento Linear;Polias, Roldanas e Correias;H1e;"";"";27.00;28
120730;"Polia GT2 10mm 32 dentes furo 5mm openbuiders *120730";CNC, Laser e Impressão 3D;Movimento Linear;Polias, Roldanas e Correias;H1e;"";"";14.90;18
120732;"POLIA GT2 80 DENTES COM FURO 8MM PARA CORREIA 6MM";CNC, Laser e Impressão 3D;Movimento Linear;Polias, Roldanas e Correias;H1e;"";"Polias e Roldanas";124.00;9
120733;"POLIA GT2 20 DENTES COM FURO 6MM PARA CORREIA 6MM";CNC, Laser e Impressão 3D;Movimento Linear;Polias, Roldanas e Correias;H1e;"";"Polias e Roldanas";14.00;50
120735;"POLIA HTD3M 40 DENTES COM FURO 10MM PARA CORREIA 10MM";CNC, Laser e Impressão 3D;Movimento Linear;Polias, Roldanas e Correias;H1e;"";"Polias e Roldanas";82.00;10
120736;"POLIA HTD3M 15 DENTES COM FURO 6,35MM PARA CORREIA 10MM";CNC, Laser e Impressão 3D;Movimento Linear;Polias, Roldanas e Correias;H1e;"";"Polias e Roldanas";24.00;1
120737;"POLIA HTD3M 24 DENTES COM FURO 10MM PARA CORREIA 10MM";CNC, Laser e Impressão 3D;Movimento Linear;Polias, Roldanas e Correias;H1e;"";"Polias e Roldanas";30.00;3
120738;"POLIA GT2 12 DENTES COM FURO 5MM PARA CORREIA 6MM";CNC, Laser e Impressão 3D;Movimento Linear;Polias, Roldanas e Correias;H1e;"";"";;20
120739;"POLIA GT2 16 DENTES COM FURO 5MM PARA CORREIA 10MM";CNC, Laser e Impressão 3D;Movimento Linear;Polias, Roldanas e Correias;H1e;"";"";14.90;10
120740;"POLIA PASSIVA LISA COM FURO 5MM PARA CORREIA 9MM em metal";CNC, Laser e Impressão 3D;Movimento Linear;Polias, Roldanas e Correias;H1e;"";"";18.70;14
120801;"CORREIA DENTADA GT2 ALMA DE FIBRA COM LARGURA 6MM 1MT";CNC, Laser e Impressão 3D;Movimento Linear;Polias, Roldanas e Correias;H1e;"";"Correias";10.40;30
120802;"CORREIA DENTADA GT2 FECHADA 200MM 100 DENTES COM LARGURA 6MM";CNC, Laser e Impressão 3D;Movimento Linear;Polias, Roldanas e Correias;H1e;"";"Correias";9.60;34
120803;"CORREIA DENTADA GT2 FECHADA 400MM 200 DENTES COM LARGURA 6MM";CNC, Laser e Impressão 3D;Movimento Linear;Polias, Roldanas e Correias;H1e;"";"Correias";15.90;0
120804;"CORREIA DENTADA GT2 FECHADA 852MM 426 DENTES COM LARGURA 6MM";CNC, Laser e Impressão 3D;Movimento Linear;Polias, Roldanas e Correias;H1e;"";"Correias";22.10;18
120805;"CORREIA DENTADA GT2 ALMA DE AÇO COM LARGURA 6MM 1MT";CNC, Laser e Impressão 3D;Movimento Linear;Polias, Roldanas e Correias;H1e;"";"Correias";6.30;26
120807;"CORREIA DENTADA GT2 ALMA DE AÇO COM LARGURA 10MM 1MT";CNC, Laser e Impressão 3D;Movimento Linear;Polias, Roldanas e Correias;H1e;"";"Correias";16.90;53
120808;"Correia Gt2 122mm sincronizada Fechada 61 Dentes 6mm*120808";CNC, Laser e Impressão 3D;Movimento Linear;Polias, Roldanas e Correias;H1e;"";"";12.00;38
120809;"Correia Gt2 300mm sincronizada Fechada 150 Dentes 6mm*120809";CNC, Laser e Impressão 3D;Movimento Linear;Polias, Roldanas e Correias;H1e;"";"";14.90;28
120810;"Correia Gt2 3000mm sincronizada Fechada 9mm *120810";CNC, Laser e Impressão 3D;Movimento Linear;Polias, Roldanas e Correias;H1e;"";"";65.00;5
120811;"Correia Dentada 9mm Gt2 Preta  com alma de aço *120811";CNC, Laser e Impressão 3D;Movimento Linear;Polias, Roldanas e Correias;H1e;"";"";19.00;3
120812;"Correia Gt2 2500mm sincronizada Fechada 6mm *120812";CNC, Laser e Impressão 3D;Movimento Linear;Polias, Roldanas e Correias;H1e;"";"";59.00;5
120813;"Correia Gt2 2220mm sincronizada Fechada 6mm *120813";CNC, Laser e Impressão 3D;Movimento Linear;Polias, Roldanas e Correias;H1e;"";"";55.00;5
120814;"CORREIA DENTADA HTD3M FECHADA 2160MM 720 DENTES LARGURA 9MM";CNC, Laser e Impressão 3D;Movimento Linear;Polias, Roldanas e Correias;H1e;"";"Correias";158.00;4
120816;"Correia Gt2 110mm sincronizada Fechada 55 Dentes 6mm";CNC, Laser e Impressão 3D;Movimento Linear;Polias, Roldanas e Correias;H1e;"";"";12.00;20
120817;"Correia Gt2 112mm sincronizada Fechada 56 Dentes 6mm";CNC, Laser e Impressão 3D;Movimento Linear;Polias, Roldanas e Correias;H1e;"";"";12.00;20
120818;"Correia Gt2 158mm sincronizada Fechada 79 Dentes 6mm";CNC, Laser e Impressão 3D;Movimento Linear;Polias, Roldanas e Correias;H1e;"";"";12.00;8
120819;"CORREIA DENTADA GT2 ALMA DE FIBRA COM LARGURA 10MM 1MT";CNC, Laser e Impressão 3D;Movimento Linear;Polias, Roldanas e Correias;H1e;"";"";;9
120901;"KIT COM 10 BROCAS 0,3 A 1,2MM PARA PCB";CNC, Laser e Impressão 3D;Fresas, Brocas e Pinças;;H6;"";"Fresas e Brocas";22.60;16
120903;"KIT COM 10 FRESAS RAIADAS 0.8 A 3.17MM HASTE 3.17MM";CNC, Laser e Impressão 3D;Fresas, Brocas e Pinças;;H6;"";"Fresas e Brocas";83.20;3
120906;"FRESA TOPO 2 CORTES RETOS PARALELOS 2X17MM PARA MDF PEAD";CNC, Laser e Impressão 3D;Fresas, Brocas e Pinças;;H6;"";"Fresas e Brocas";18.30;84
120910;"Fresa para granito mármore 0,3mm 90 graus haste 6mm *120910";CNC, Laser e Impressão 3D;Fresas, Brocas e Pinças;;H6;"";"";194.90;1
120911;"FRESA V CARVING 30º 0,2MM CÔNICA METAL DURO";CNC, Laser e Impressão 3D;Fresas, Brocas e Pinças;;H6;"";"Fresas e Brocas";4.40;5
120912;"FRESA V CARVING 20º 0,1MM CÔNICA METAL DURO";CNC, Laser e Impressão 3D;Fresas, Brocas e Pinças;;H6;"";"Fresas e Brocas";4.40;8
120913;"FRESA VBIT 6X32MM 90º CÔNICA PARA ENTALHE EM MADEIRA";CNC, Laser e Impressão 3D;Fresas, Brocas e Pinças;;H6;"";"Fresas e Brocas";28.80;10
120914;"FRESA VBIT 6X22MM 60º CÔNICA PARA ENTALHE EM MADEIRA";CNC, Laser e Impressão 3D;Fresas, Brocas e Pinças;;H6;"";"Fresas e Brocas";33.60;7
120915;"FRESA DE DESBASTE RETA 6X32MM";CNC, Laser e Impressão 3D;Fresas, Brocas e Pinças;;H6;"";"Fresas e Brocas";48.00;14
120916;"FRESA DE DESBASTE RETA 6X20MM";CNC, Laser e Impressão 3D;Fresas, Brocas e Pinças;;H6;"";"Fresas e Brocas";33.60;11
120919;"FRESA ESPIRAL HELICOIDAL 1 CORTE 2MM X 17MM HASTE 3,17MM";CNC, Laser e Impressão 3D;Fresas, Brocas e Pinças;;H6;"";"Fresas e Brocas";20.00;0
120920;"FRESA ESPIRAL HELICOIDAL 1 CORTE 3,175MM X 17MM HASTE 3,17MM";CNC, Laser e Impressão 3D;Fresas, Brocas e Pinças;;H6;"";"Fresas e Brocas";20.00;6
120921;"FRESA ESPIRAL HELICOIDAL 1 CORTE 3,175MM X 22MM HASTE 3,17MM";CNC, Laser e Impressão 3D;Fresas, Brocas e Pinças;;H6;"";"Fresas e Brocas";20.00;0
120923;"FRESA 2 CORTES RETOS PARALELOS 3.175X17MM PARA MDF PEAD";CNC, Laser e Impressão 3D;Fresas, Brocas e Pinças;;H6;"";"Fresas e Brocas";23.90;6
120924_z;"kit 6pçs Fresa cônica ball nose R0,5 a R2mm *120924";CNC, Laser e Impressão 3D;Fresas, Brocas e Pinças;;H6;"";"";234.00;1
120925;"FRESA MEIA CANA 6X10MM SULCO TABUA DE CARNE";CNC, Laser e Impressão 3D;Fresas, Brocas e Pinças;;H6;"";"Fresas e Brocas";50.00;1
120928;"Fresa V Carving 20º 0,1mm qualidade superior *120928";CNC, Laser e Impressão 3D;Fresas, Brocas e Pinças;;H6;"";"";35.00;1
120929_z;"Fresa V Carving 30º 0,1mm qualidade superior *120929";CNC, Laser e Impressão 3D;Fresas, Brocas e Pinças;;H6;"";"";38.00;9
120931;"Fresa V Carving 20º 0,1mm 3 faces piramidal*120931";CNC, Laser e Impressão 3D;Fresas, Brocas e Pinças;;H6;"";"";30.00;1
120932;"Fresa V Carving 30º 0,1mm 3 faces piramidal*120932";CNC, Laser e Impressão 3D;Fresas, Brocas e Pinças;;H6;"";"";32.00;10
120933_z;"Fresa V Carving 30º 0,2mm 3 faces piramidal*120933";CNC, Laser e Impressão 3D;Fresas, Brocas e Pinças;;H6;"";"";32.00;1
120934;"FRESA DE DESBASTE RETA 8X32MM";CNC, Laser e Impressão 3D;Fresas, Brocas e Pinças;;H6;"";"Fresas e Brocas";65.00;16
120936_z;"Jogo 5pçs Pinça ER11 3,175mm, 4mm, 6mm, 6,35mm, 8mm *120936";CNC, Laser e Impressão 3D;Fresas, Brocas e Pinças;;H6;"";"";137.00;3
120937;"KIT MINI MANDRIL PARA MOTOR 5 PINÇAS PARA BROCAS 0,3 A 3MM";CNC, Laser e Impressão 3D;Fresas, Brocas e Pinças;;H6;"";"Fresas e Brocas";32.90;2
121000;"PORCA MARTELO M3 TIPO T PARA PERFIL 30 CANAL 8";CNC, Laser e Impressão 3D;Perfis de Alumínio e Fixação V-Slot;;H2;"";"";2.10;104
121001;"SUPORTE PARA EIXO LINEAR 16MM SHF16 MANCAL FIXO";CNC, Laser e Impressão 3D;Movimento Linear;Mancais e Suportes de Eixo;H1c;"";"Mancais e Suportes";16.50;16
121002;"SUPORTE PARA EIXO LINEAR 16MM SK16 MANCAL FIXO";CNC, Laser e Impressão 3D;Movimento Linear;Mancais e Suportes de Eixo;H1c;"";"Mancais e Suportes";12.80;7
121003;"SUPORTE PARA EIXO LINEAR 8MM SK8 MANCAL FIXO";CNC, Laser e Impressão 3D;Movimento Linear;Mancais e Suportes de Eixo;H1c;"";"Mancais e Suportes";9.60;26
121004;"MANCAL KP08 COM ROLAMENTO PARA EIXO 8MM";CNC, Laser e Impressão 3D;Movimento Linear;Mancais e Suportes de Eixo;H1c;"";"Mancais e Suportes";13.20;0
121005;"MANCAL KFL08 COM ROLAMENTO PARA EIXO 8MM";CNC, Laser e Impressão 3D;Movimento Linear;Mancais e Suportes de Eixo;H1c;"";"Mancais e Suportes";17.60;24
121006;"CASTANHA TR8 ANTI FOLGA PASSO 8MM  PARA FUSO TRAPEZOIDAL 8MM";CNC, Laser e Impressão 3D;Movimento Linear;Fusos e Castanhas;H1a;"";"Fusos";20.90;18
121007;"BLOCO DE ALUMÍNIO PARA CASTANHA TRAPEZOIDAL TR8";CNC, Laser e Impressão 3D;Movimento Linear;Fusos e Castanhas;H1a;"";"Acessórios";39.50;5
121008;"SENSOR PROBE ZERAMENTO EIXO Z PARA CNC ROUTER";CNC, Laser e Impressão 3D;Controladoras e Eletrônica CNC;;H4;"";"Geral";29.90;0
121009;"CABO PARALELO DB25 PORTA LPT MACHO FÊMEA MACH3 CNC 1,5MT";CNC, Laser e Impressão 3D;Controladoras e Eletrônica CNC;;H4;"";"Cabos";52.90;8
121010;"TENSOR MOLA ESTICADORA PARA CORREIA GT2 LARGURA 6MM";CNC, Laser e Impressão 3D;Movimento Linear;Polias, Roldanas e Correias;H1e;"";"Acessórios";1.20;207
121011;"MODULO MOSFET PARA EXTRUSORA MESA AQUECIDA IMPRESSORA 3D";CNC, Laser e Impressão 3D;Impressão 3D: Hotend, Bicos e Peças;;H8;"";"2 - Módulos e shields";50.00;14
121012;"FIXADOR EMENDA PARA CORREIA GT2";CNC, Laser e Impressão 3D;Movimento Linear;Polias, Roldanas e Correias;H1e;"";"Acessórios";4.60;37
121013;"SUPORTE PARA EIXO LINEAR 12MM SK12 MANCAL FIXO";CNC, Laser e Impressão 3D;Movimento Linear;Mancais e Suportes de Eixo;H1c;"";"Mancais e Suportes";11.90;20
121014;"SUPORTE PARA EIXO LINEAR 20MM SK20 MANCAL FIXO";CNC, Laser e Impressão 3D;Movimento Linear;Mancais e Suportes de Eixo;H1c;"";"Mancais e Suportes";19.20;7
121015;"SUPORTE PARA EIXO LINEAR 8MM SHF8 MANCAL FIXO";CNC, Laser e Impressão 3D;Movimento Linear;Mancais e Suportes de Eixo;H1c;"";"Mancais e Suportes";11.60;83
121016;"SUPORTE PARA EIXO LINEAR 12MM SHF12 MANCAL FIXO";CNC, Laser e Impressão 3D;Movimento Linear;Mancais e Suportes de Eixo;H1c;"";"Mancais e Suportes";12.80;27
121017;"SUPORTE PARA EIXO LINEAR 20MM SHF20 MANCAL FIXO";CNC, Laser e Impressão 3D;Movimento Linear;Mancais e Suportes de Eixo;H1c;"";"Mancais e Suportes";19.20;49
121018;"MANCAL KFL001 KFL12 COM ROLAMENTO PARA EIXO 12MM";CNC, Laser e Impressão 3D;Movimento Linear;Mancais e Suportes de Eixo;H1c;"";"Mancais e Suportes";13.60;22
121019;"MANCAL KFL000 KFL10  COM ROLAMENTO PARA EIXO 10MM";CNC, Laser e Impressão 3D;Movimento Linear;Mancais e Suportes de Eixo;H1c;"";"Mancais e Suportes";16.00;15
121020;"MANCAL KP000 COM ROLAMENTO PARA EIXO 10MM";CNC, Laser e Impressão 3D;Movimento Linear;Mancais e Suportes de Eixo;H1c;"";"Mancais e Suportes";16.00;71
121021;"MANCAL KP001 COM ROLAMENTO PARA EIXO 12MM";CNC, Laser e Impressão 3D;Movimento Linear;Mancais e Suportes de Eixo;H1c;"";"Mancais e Suportes";16.00;34
121022;"SUPORTE PARA CASTANHA DE FUSO DE ESFERAS 16MM";CNC, Laser e Impressão 3D;Movimento Linear;Fusos e Castanhas;H1a;"";"Mancais e Suportes";35.90;18
121023;"CONJUNTO MANCAL BK12 BF12 PARA FUSO DE ESFERA";CNC, Laser e Impressão 3D;Movimento Linear;Mancais e Suportes de Eixo;H1c;"";"Mancais e Suportes";200.00;2
121024;"SUPORTE EM ALUMINIO PARA POLIA PADRÃO OPENBUILDS";CNC, Laser e Impressão 3D;Perfis de Alumínio e Fixação V-Slot;;H2;"";"Acessórios";40.00;1
121028;"ESTEIRA PORTA CABOS 75X25MM R100MM 1MT COM PONTEIRAS";CNC, Laser e Impressão 3D;Esteiras Porta Cabos;;H3;"";"Esteira Porta Cabos";334.90;5
121030;"RELE ESTADO SOLIDO 40A SSR-40DD IN 3-32VDC OUT 5-60VDC";Automação Industrial;Relés de Estado Sólido e Industriais;;E3;"";"Geral";72.00;10
121031;"NEBULIZADOR PULVERIZADOR PARA ROUTER TORNO FRESA CNC";CNC, Laser e Impressão 3D;Spindles, Inversores e Acessórios;;H5;"";"Acessórios";84.00;3
121034;"PORCA EXCÊNTRICA FURO 5MM ALTURA 6,35MM PADRÃO OPENBUILDS";CNC, Laser e Impressão 3D;Perfis de Alumínio e Fixação V-Slot;;H2;"";"Hardware";4.80;33
121035;"PORCA EXCÊNTRICA FURO 5MM ALTURA 6MM PADRÃO OPENBUILDS";CNC, Laser e Impressão 3D;Perfis de Alumínio e Fixação V-Slot;;H2;"";"Hardware";4.40;55
121036;"PORCA MARTELO M5 TIPO T PARA PERFIL 20 CANAL 6";CNC, Laser e Impressão 3D;Perfis de Alumínio e Fixação V-Slot;;H2;"";"Hardware";1.00;98
121037;"ESPAÇADOR ALUMÍNIO FURO 5MM ALTURA 6,35MM PADRÃO OPENBUILDS";CNC, Laser e Impressão 3D;Perfis de Alumínio e Fixação V-Slot;;H2;"";"Acessórios";1.20;124
121038;"ESPAÇADOR ALUMÍNIO FURO 5MM ALTURA 6MM PADRÃO OPENBUILDS";CNC, Laser e Impressão 3D;Perfis de Alumínio e Fixação V-Slot;;H2;"";"Acessórios";1.20;300
121039;"ESPAÇADOR ALUMÍNIO FURO 5MM ALTURA 3MM PADRÃO OPENBUILDS";CNC, Laser e Impressão 3D;Perfis de Alumínio e Fixação V-Slot;;H2;"";"Acessórios";0.80;140
121040;"LIMITADOR BATENTE MECÂNICO PARA EIXO 8MM PADRÃO OPENBUILDS";CNC, Laser e Impressão 3D;Perfis de Alumínio e Fixação V-Slot;;H2;"";"Acessórios";5.20;64
121041;"ESPAÇADOR ARRUELA DE PRECISÃO 5X8X1MM PADRÃO OPENBUILDS";CNC, Laser e Impressão 3D;Perfis de Alumínio e Fixação V-Slot;;H2;"";"Acessórios";0.80;124
121042;"ESPAÇADOR ARRUELA DE PRECISÃO 5X10X1MM PADRÃO OPENBUILDS";CNC, Laser e Impressão 3D;Perfis de Alumínio e Fixação V-Slot;;H2;"";"Acessórios";0.80;62
121043;"CANTONEIRA EM ALUMINIO PARA PERFIL DE ALUMÍNIO 2020";CNC, Laser e Impressão 3D;Perfis de Alumínio e Fixação V-Slot;;H2;"";"Acessórios";3.10;27
121045;"CANTONEIRA ALUMINIO 3 VIAS PARA PERFIL DE ALUMINIO 2020";CNC, Laser e Impressão 3D;Perfis de Alumínio e Fixação V-Slot;;H2;"";"Acessórios";11.90;1
121046;"SISTEMA ANTIFOLGA TR8 PASSO 8MM PADRÃO OPENBUIDS";CNC, Laser e Impressão 3D;Movimento Linear;Fusos e Castanhas;H1a;"";"Acessórios";13.60;33
121047;"SISTEMA CASTANHA TR8 PASSO 8MM PADRÃO OPENBUILDS";CNC, Laser e Impressão 3D;Movimento Linear;Fusos e Castanhas;H1a;"";"Acessórios";12.90;2
121048;"PORCA MARTELO M4 TIPO T PARA PERFIL 20 CANAL 6";CNC, Laser e Impressão 3D;Perfis de Alumínio e Fixação V-Slot;;H2;"";"Hardware";1.00;80
121049;"PORCA MARTELO M6 TIPO T PARA PERFIL 30 CANAL 8";CNC, Laser e Impressão 3D;Perfis de Alumínio e Fixação V-Slot;;H2;"";"Hardware";2.10;48
121050;"PORCA FINA M5 X 3MM PASSO 0,8MM PADRÃO OPENBUILDS";CNC, Laser e Impressão 3D;Perfis de Alumínio e Fixação V-Slot;;H2;"";"Hardware";1.00;91
121051;"SISTEMA ANTIFOLGA TR8 PASSO 2MM PADRÃO OPENBUILDS";CNC, Laser e Impressão 3D;Movimento Linear;Fusos e Castanhas;H1a;"";"Acessórios";13.60;18
121052;"SUPORTE PARA EIXO LINEAR 10MM SK10 MANCAL FIXO";CNC, Laser e Impressão 3D;Movimento Linear;Mancais e Suportes de Eixo;H1c;"";"Mancais e Suportes";10.30;39
121053;"SUPORTE PARA ALOJAMENTO DE MOTOR NEMA 17 E POLIA OPENBUILDS";CNC, Laser e Impressão 3D;Perfis de Alumínio e Fixação V-Slot;;H2;"";"Acessórios";51.20;1
121054_z;"Acabamento plastico tampa preto para perfil 20x20 V-slot *121054";CNC, Laser e Impressão 3D;Perfis de Alumínio e Fixação V-Slot;;H2;"";"";1.70;0
121056;"CASTANHA TR8 ANTI FOLGA PASSO 2MM  PARA FUSO TRAPEZOIDAL 8MM";CNC, Laser e Impressão 3D;Movimento Linear;Fusos e Castanhas;H1a;"";"Fusos";20.90;39
121057;"Rele estado solido DC para AC 40A SSR-40DA  *121057";Automação Industrial;Relés de Estado Sólido e Industriais;;E3;"";"";57.00;22
121058;"Porca martelo M4 tipo T fixa para perfil v-slot 20 *121058";CNC, Laser e Impressão 3D;Perfis de Alumínio e Fixação V-Slot;;H2;"";"";2.00;12
121060;"Porca martelo M5 tipo T fixa para perfil v-slot 20 *121060";CNC, Laser e Impressão 3D;Perfis de Alumínio e Fixação V-Slot;;H2;"";"";2.00;97
121061;"Acabamento plastico preto para perfil 20x20 normal *121061";CNC, Laser e Impressão 3D;Perfis de Alumínio e Fixação V-Slot;;H2;"";"";4.00;21
121062_z;"ACABAMENTO PLASTICO PARA PERFIL V-SLOT 2040 *121062";CNC, Laser e Impressão 3D;Perfis de Alumínio e Fixação V-Slot;;H2;"";"";7.90;110
121063;"OBSOLETO-Porca martelo quadrada fixa M5 perfil 20 *121063";NÃO PUBLICAR;Obsoleto, uso interno ou teste;;X0;"";"";;0
121064_4h;"Porca martelo M4 perfil 30 giratória *121064";CNC, Laser e Impressão 3D;Perfis de Alumínio e Fixação V-Slot;;H2;"";"";2.50;317
121065;"SUPORTE PARA CASTANHA DE FUSO DE ESFERAS 12MM";CNC, Laser e Impressão 3D;Movimento Linear;Fusos e Castanhas;H1a;"";"Mancais e Suportes";53.90;3
121066;"Plaqueta universal preta 65.5mm x 65.5mm x 3mm openbuids para laser *121066";CNC, Laser e Impressão 3D;Perfis de Alumínio e Fixação V-Slot;;H2;"";"";32.00;5
121067;"Cantoneira Quadrado alumínio para perfil 2020  *121067";CNC, Laser e Impressão 3D;Perfis de Alumínio e Fixação V-Slot;;H2;"";"";10.90;3
121068_4h;"Porca martelo M5 tipo T com mola p/ perfil v-slot 20 *121068";CNC, Laser e Impressão 3D;Perfis de Alumínio e Fixação V-Slot;;H2;"";"";2.80;145
121069;"CANTONEIRA ALUMINIO 20X28MM PARA PERFIL DE ALUMÍNIO";CNC, Laser e Impressão 3D;Perfis de Alumínio e Fixação V-Slot;;H2;"";"Acessórios";6.50;22
121070;"Porca martelo M3 tipo T fixa para perfil v-slot 20 *121070";CNC, Laser e Impressão 3D;Perfis de Alumínio e Fixação V-Slot;;H2;"";"";2.00;358
121071;"BLOCO DE ALUMÍNIO PARA CASTANHA ANTIFOLGA TRAPEZOIDAL TR8";CNC, Laser e Impressão 3D;Movimento Linear;Fusos e Castanhas;H1a;"";"Mancais e Suportes";47.90;10
121072;"Cantoneira aluminio liso em L 2020 openbuids *121072";CNC, Laser e Impressão 3D;Perfis de Alumínio e Fixação V-Slot;;H2;"";"";7.00;41
121073;"Arruela de precisão inox 8x14x1mm *121073";CNC, Laser e Impressão 3D;Perfis de Alumínio e Fixação V-Slot;;H2;"";"";;9
121076;"PORCA MARTELO M6 TIPO T PARA PERFIL 40 CANAL 8";CNC, Laser e Impressão 3D;Perfis de Alumínio e Fixação V-Slot;;H2;"";"Hardware";3.50;3
121077;"PORCA MARTELO M4 TIPO T PARA PERFIL 40 CANAL 8";CNC, Laser e Impressão 3D;Perfis de Alumínio e Fixação V-Slot;;H2;"";"Hardware";3.50;12
121078;"Cantoneira em Alumínio 100x100mm largura 28mm";CNC, Laser e Impressão 3D;Perfis de Alumínio e Fixação V-Slot;;H2;"";"";33.00;0
121079;"Cantoneira em Alumínio 38x38mm largura 15mm cor natural para rosca M5";CNC, Laser e Impressão 3D;Perfis de Alumínio e Fixação V-Slot;;H2;"";"";;0
121080;"Cantoneira em Alumínio 38x38mm largura 15mm cor preta para rosca M5";CNC, Laser e Impressão 3D;Perfis de Alumínio e Fixação V-Slot;;H2;"";"";;0
121081;"Guia linear MGN15 modelo H 150mm com patins";CNC, Laser e Impressão 3D;Movimento Linear;Eixos, Guias e Rolamentos Lineares;H1b;"";"";320.00;2
121082;"Limitador mecânico batente 8x25x10mm";CNC, Laser e Impressão 3D;Perfis de Alumínio e Fixação V-Slot;;H2;"";"";;3
121083;"GUIA LINEAR MGN15H 400MM COM PATIM";CNC, Laser e Impressão 3D;Movimento Linear;Eixos, Guias e Rolamentos Lineares;H1b;"";"Eixo Linear / Guia Linear";320.00;1
121084;"GUIA LINEAR MGN12H 400MM COM PATIM";CNC, Laser e Impressão 3D;Movimento Linear;Eixos, Guias e Rolamentos Lineares;H1b;"";"Eixo Linear / Guia Linear";258.00;0
121085;"CASTANHA TR8 ANTI FOLGA PASSO 2MM RETANGULAR TRAPEZOIDAL 8MM";CNC, Laser e Impressão 3D;Movimento Linear;Fusos e Castanhas;H1a;"";"Fusos";19.90;6
121086;"CASTANHA TR8 ANTI FOLGA PASSO 8MM RETANGULAR TRAPEZOIDAL 8MM";CNC, Laser e Impressão 3D;Movimento Linear;Fusos e Castanhas;H1a;"";"Fusos";19.90;6
121087;"CASTANHA TR8 ANTI FOLGA PASSO 4MM RETANGULAR TRAPEZOIDAL 8MM";CNC, Laser e Impressão 3D;Movimento Linear;Fusos e Castanhas;H1a;"";"";46.00;4
121101;"ACOPLAMENTO FLEXÍVEL PARA MOTOR DE PASSO 8X10MM D19L25";CNC, Laser e Impressão 3D;Movimento Linear;Acoplamentos e Flanges;H1d;"";"Acoplamentos";12.90;17
121102;"ACOPLAMENTO FLEXÍVEL PARA MOTOR DE PASSO 5X8MM D19L25";CNC, Laser e Impressão 3D;Movimento Linear;Acoplamentos e Flanges;H1d;"";"Acoplamentos";12.90;19
121103;"ACOPLAMENTO FLEXÍVEL PARA MOTOR DE PASSO 5X5MM D19L25";CNC, Laser e Impressão 3D;Movimento Linear;Acoplamentos e Flanges;H1d;"";"Acoplamentos";12.90;68
121104;"ACOPLAMENTO FLEXÍVEL PARA MOTOR DE PASSO 6,35X8MM D19L25";CNC, Laser e Impressão 3D;Movimento Linear;Acoplamentos e Flanges;H1d;"";"Acoplamentos";12.90;4
121105;"ACOPLAMENTO FLEXÍVEL PARA MOTOR DE PASSO 8X8MM D19L25";CNC, Laser e Impressão 3D;Movimento Linear;Acoplamentos e Flanges;H1d;"";"Acoplamentos";12.90;94
121106;"ACOPLAMENTO FLEXÍVEL PARA MOTOR DE PASSO 6,35X10MM D19L25";CNC, Laser e Impressão 3D;Movimento Linear;Acoplamentos e Flanges;H1d;"";"Acoplamentos";12.90;30
121107;"ACOPLAMENTO FLEXÍVEL REFORÇADO 6,35X10MM D20L25";CNC, Laser e Impressão 3D;Movimento Linear;Acoplamentos e Flanges;H1d;"";"Acoplamentos";38.90;37
121108;"ACOPLAMENTO FLEXÍVEL REFORÇADO 8X10MM D20L25";CNC, Laser e Impressão 3D;Movimento Linear;Acoplamentos e Flanges;H1d;"";"Acoplamentos";38.90;20
121109_3;"FLANGE RÍGIDA ACOPLAMENTO PARA MOTOR Diâmetro do Furo:3mm";CNC, Laser e Impressão 3D;Movimento Linear;Acoplamentos e Flanges;H1d;"";"";23.31;25
121109_4;"FLANGE RÍGIDA ACOPLAMENTO PARA MOTOR Diâmetro do Furo:4mm";CNC, Laser e Impressão 3D;Movimento Linear;Acoplamentos e Flanges;H1d;"";"";23.31;22
121109_5;"FLANGE RÍGIDA ACOPLAMENTO PARA MOTOR Diâmetro do Furo:5mm";CNC, Laser e Impressão 3D;Movimento Linear;Acoplamentos e Flanges;H1d;"";"";23.31;29
121109_635;"FLANGE RÍGIDA ACOPLAMENTO PARA MOTOR Diâmetro do Furo:6,35mm";CNC, Laser e Impressão 3D;Movimento Linear;Acoplamentos e Flanges;H1d;"";"";23.31;29
121110;"ACOPLAMENTO RÍGIDO 5X8MM EM ALUMINIO";CNC, Laser e Impressão 3D;Movimento Linear;Acoplamentos e Flanges;H1d;"";"Acoplamentos";10.90;25
121111;"ACOPLAMENTO RÍGIDO 6,35X8MM EM ALUMINIO";CNC, Laser e Impressão 3D;Movimento Linear;Acoplamentos e Flanges;H1d;"";"Acoplamentos";10.90;66
121112;"ACOPLAMENTO RÍGIDO 8X8MM EM ALUMINIO";CNC, Laser e Impressão 3D;Movimento Linear;Acoplamentos e Flanges;H1d;"";"Acoplamentos";10.90;8
121116;"ACOPLAMENTO FLEXÍVEL REFORÇADO 8X8MM D19L25";CNC, Laser e Impressão 3D;Movimento Linear;Acoplamentos e Flanges;H1d;"";"Acoplamentos";38.90;32
121117;"ACOPLAMENTO FLEXÍVEL REFORÇADO 6,35X8MM D19L25";CNC, Laser e Impressão 3D;Movimento Linear;Acoplamentos e Flanges;H1d;"";"Acoplamentos";38.90;23
121118;"ACOPLAMENTO FLEXÍVEL REFORÇADO 5X8MM D19L25";CNC, Laser e Impressão 3D;Movimento Linear;Acoplamentos e Flanges;H1d;"";"Acoplamentos";38.90;26
121119;"ACOPLAMENTO FLEXÍVEL PARA MOTOR DE PASSO 6X6MM D19L25";CNC, Laser e Impressão 3D;Movimento Linear;Acoplamentos e Flanges;H1d;"";"Acoplamentos";12.90;19
121120;"ACOPLAMENTO FLEXÍVEL PARA MOTOR DE PASSO 6X8MM D19L25";CNC, Laser e Impressão 3D;Movimento Linear;Acoplamentos e Flanges;H1d;"";"Acoplamentos";12.90;4
121121;"ACOPLAMENTO FLEXÍVEL REFORÇADO 10X14MM D30L35";CNC, Laser e Impressão 3D;Movimento Linear;Acoplamentos e Flanges;H1d;"";"Acoplamentos";49.90;12
121201_4h;"Suporte para Motor de passo NEMA17 Reto 2 furos *121201";CNC, Laser e Impressão 3D;Perfis de Alumínio e Fixação V-Slot;;H2;"";"";15.00;24
121202;"Suporte Para Motor de Passo Nema23  90graus em L *121202";CNC, Laser e Impressão 3D;Perfis de Alumínio e Fixação V-Slot;;H2;"";"";39.90;53
121203_4h;"Suporte para Motor de passo NEMA17 Reto 6 furos *121203";CNC, Laser e Impressão 3D;Perfis de Alumínio e Fixação V-Slot;;H2;"";"";25.00;21
121205;"SUPORTE EM L 90° PARA MOTOR DE PASSO NEMA 17";CNC, Laser e Impressão 3D;Perfis de Alumínio e Fixação V-Slot;;H2;"";"Acessórios";30.00;0
121208;"ELETROÍMÃ SOLENÓIDE 24VDC 8KG";Motores, Drivers e Robótica;Bombas, Válvulas e Solenoides;;G6;"";"";64.00;10
121209;"Kit com 100 Imã De Neodímio 5x1 Redondo Pequeno 5mm X 1mm N35";Prototipagem e Ferramentas;Parafusos, Espaçadores e Fixação;;K4;"";"";42.00;0
121210;"Imã De Neodímio Redondo 10x2mm N35";Prototipagem e Ferramentas;Parafusos, Espaçadores e Fixação;;K4;"";"";;200
121211;"Imã De Neodímio Redondo 5x2mm N35";Prototipagem e Ferramentas;Parafusos, Espaçadores e Fixação;;K4;"";"";;500
121301;"ESTEIRA PORTA CABOS 10X10MM R18 1MT COM PONTEIRAS *121301";CNC, Laser e Impressão 3D;Esteiras Porta Cabos;;H3;"";"";102.00;34
121302;"ESTEIRA PORTA CABOS 20X10MM R18 1MT COM PONTEIRAS";CNC, Laser e Impressão 3D;Esteiras Porta Cabos;;H3;"";"Esteira Porta Cabos";79.90;18
121303_4h;"ESTEIRA PORTA CABOS 28X20MM R28 1MT COM PONTEIRAS *121303";CNC, Laser e Impressão 3D;Esteiras Porta Cabos;;H3;"";"";173.50;10
121304;"ESTEIRA PORTA CABOS 25X25MM R55 1MT COM PONTEIRAS *121304";CNC, Laser e Impressão 3D;Esteiras Porta Cabos;;H3;"";"";246.54;10
121305;"ESTEIRA PORTA CABOS 1MT 40X25MM R55 COM PONTEIRAS";CNC, Laser e Impressão 3D;Esteiras Porta Cabos;;H3;"";"Esteira Porta Cabos";266.40;5
121306_4h;"Esteira Porta Cabos 50x50mm R100 1mt com ponteiras *121306";CNC, Laser e Impressão 3D;Esteiras Porta Cabos;;H3;"";"";396.90;10
121307_4h;"Esteira Porta Cabos 75x50mm R100 1mt com ponteiras *121307";CNC, Laser e Impressão 3D;Esteiras Porta Cabos;;H3;"";"";445.60;10
121308;"ESTEIRA PORTA CABOS 10X10MM R28 1MT COM PONTEIRAS *121308";CNC, Laser e Impressão 3D;Esteiras Porta Cabos;;H3;"";"";78.90;15
121309_4h;"ESTEIRA PORTA CABOS 10X10MM R38 1MT COM PONTEIRAS *121309";CNC, Laser e Impressão 3D;Esteiras Porta Cabos;;H3;"";"";78.90;22
121310_4h;"ESTEIRA PORTA CABOS 20X10MM R28 1MT COM PONTEIRAS *121310";CNC, Laser e Impressão 3D;Esteiras Porta Cabos;;H3;"";"";92.74;16
121311;"ESTEIRA PORTA CABOS 20X10MM R38 1MT COM PONTEIRAS *121311";CNC, Laser e Impressão 3D;Esteiras Porta Cabos;;H3;"";"";92.74;10
121312_4h;"Esteira Porta Cabos 28X20mm R38 1MT COM PONTEIRAS *121312";CNC, Laser e Impressão 3D;Esteiras Porta Cabos;;H3;"";"";173.56;6
121314;"ESTEIRA PORTA CABOS 25X25MM R100 1MT COM PONTEIRAS *121314";CNC, Laser e Impressão 3D;Esteiras Porta Cabos;;H3;"";"";246.54;10
121315;"Esteira Porta Cabos 40X25mm R75 1mt com ponteiras *121315";CNC, Laser e Impressão 3D;Esteiras Porta Cabos;;H3;"";"";266.32;10
121319_4h;"Esteira Porta Cabos 1mt 100x50mm R100 *121319";CNC, Laser e Impressão 3D;Esteiras Porta Cabos;;H3;"";"";524.94;0
121323_4h;"Esteira Porta Cabos 50x35mm R75 1mt com ponteiras*121323";CNC, Laser e Impressão 3D;Esteiras Porta Cabos;;H3;"";"";280.90;8
121324_4h;"Esteira Porta Cabos 75x35mm R75 1mt com ponteiras *121324";CNC, Laser e Impressão 3D;Esteiras Porta Cabos;;H3;"";"";349.90;9
121325_4h;"Esteira Porta Cabos 100x35mm R75 1mt com ponteiras *121325";CNC, Laser e Impressão 3D;Esteiras Porta Cabos;;H3;"";"";437.50;10
121327;"Terminal de fixação esteira porta cabos 125mmx50mm*121327";CNC, Laser e Impressão 3D;Esteiras Porta Cabos;;H3;"";"";;0
121328;"Terminal de fixação esteira porta cabos 100mmx50mm*121328";CNC, Laser e Impressão 3D;Esteiras Porta Cabos;;H3;"";"";;0
121329;"Terminal de fixação esteira porta cabos 10mmx10mm";CNC, Laser e Impressão 3D;Esteiras Porta Cabos;;H3;"";"";25.00;0
121604;"OBSOLETO-LASER 15W 12V COM FONTE GRAVAÇÃO MDF ACRÍLICO EVA *121604";NÃO PUBLICAR;Obsoleto, uso interno ou teste;;X0;"";"";1867.00;0
121605;"LASER SINALIZADOR VERMELHO FORMATO CRUZ 650NM 5MW";CNC, Laser e Impressão 3D;Laser: Módulos e Peças;;H7;"";"Geral";19.20;0
121606;"LASER SINALIZADOR VERMELHO FORMATO LINHA 650NM 5MW";CNC, Laser e Impressão 3D;Laser: Módulos e Peças;;H7;"";"Geral";19.20;21
121607;"LASER SINALIZADOR VERMELHO FORMATO PONTO 650NM 5MW";CNC, Laser e Impressão 3D;Laser: Módulos e Peças;;H7;"";"Geral";29.90;1
121609;"Carcaça aluminio para laser 12mm *121609";CNC, Laser e Impressão 3D;Laser: Módulos e Peças;;H7;"";"";;0
121610;"Laser 4hobby 5W *121610";CNC, Laser e Impressão 3D;Laser: Módulos e Peças;;H7;"";"";2452.00;0
121612;"Laser de gravação 5W";CNC, Laser e Impressão 3D;Laser: Módulos e Peças;;H7;"";"";1758.00;0
121613;"Laser de gravação 10W";CNC, Laser e Impressão 3D;Laser: Módulos e Peças;;H7;"";"";2350.00;5
121701;"Conjunto pick place com valvula vacuo para maquina de montagem placa smd *121701";CNC, Laser e Impressão 3D;Máquinas e Equipamentos;;H9;"";"";470.00;1
121801;"MINI BOMBA DE AR VACUO 12V";Motores, Drivers e Robótica;Bombas, Válvulas e Solenoides;;G6;"";"Mini Bomba Água/Ar";49.00;6
121802;"MINI BOMBA DE ÁGUA 12V RS385 2L/MIN";Motores, Drivers e Robótica;Bombas, Válvulas e Solenoides;;G6;"";"Mini Bomba Água/Ar";58.00;9
121803;"MINI BOMBA DA ÁGUA SUBMERSA 110/220VAC BIVOLT 3L/MIN";Motores, Drivers e Robótica;Bombas, Válvulas e Solenoides;;G6;"";"Mini Bomba Água/Ar";65.00;1
121804;"MINI BOMBA DE ÁGUA SUBMERSÍVEL 5V";Motores, Drivers e Robótica;Bombas, Válvulas e Solenoides;;G6;"";"";;10
121805;"MINI BOMBA DE AR VACUO 12V 0,4 a 1,2 l/min 370 saida frontal";Motores, Drivers e Robótica;Bombas, Válvulas e Solenoides;;G6;"";"";49.00;16
122002;"MAQUINA GRAVADORA DE CUIA ROTATIVA COM LASER DE 10W";CNC, Laser e Impressão 3D;Máquinas e Equipamentos;;H9;"";"Equipamentos";5390.00;0
122004;"ATUADOR LINEAR 800MM SLIDER AUTOMÁTICO EM ALUMÍNIO";CNC, Laser e Impressão 3D;Máquinas e Equipamentos;;H9;"";"";4132.00;3
122005;"ATUADOR LINEAR 300MM SLIDER MANUAL EM ALUMINIO";CNC, Laser e Impressão 3D;Máquinas e Equipamentos;;H9;"";"";697.00;5
122101;"Perfil de aluminio V-slot 20x60 *122101";CNC, Laser e Impressão 3D;Perfis de Alumínio e Fixação V-Slot;;H2;"";"";;0
122102;"Perfil de aluminio V-slot 20x80 *122102";CNC, Laser e Impressão 3D;Perfis de Alumínio e Fixação V-Slot;;H2;"";"";184.00;0
122103;"Perfil de aluminio V-slot 40x80 C-bean *122103";CNC, Laser e Impressão 3D;Perfis de Alumínio e Fixação V-Slot;;H2;"";"";310.00;0
122104_z;"Perfil de aluminio V-slot 20x20 *122104";CNC, Laser e Impressão 3D;Perfis de Alumínio e Fixação V-Slot;;H2;"";"Perfis de Alumínio";55.00;9
122105_z;"Perfil de aluminio 20x20 *122105";CNC, Laser e Impressão 3D;Perfis de Alumínio e Fixação V-Slot;;H2;"";"";61.00;7
122106_z;"Perfil de aluminio 20x40 V-slot *122106";CNC, Laser e Impressão 3D;Perfis de Alumínio e Fixação V-Slot;;H2;"";"";87.00;0
122107_z;"Perfil de aluminio 30x30 furo M8*122107";CNC, Laser e Impressão 3D;Perfis de Alumínio e Fixação V-Slot;;H2;"";"";92.00;0
122108;"Borracha para Fixação de Chapas para Perfis Canal 6 *122108";CNC, Laser e Impressão 3D;Perfis de Alumínio e Fixação V-Slot;;H2;"";"";15.00;5
122201;"Encoder Incremental Rotativo 600 Pulsos Por Volta *122201";Automação Industrial;Controladores de Temperatura e Encoders;;E4;"";"";215.00;9
122202;"ENCODER INCREMENTAL ROTATIVO 400 PULSOS NPN 5-24VDC EIXO 6MM";Automação Industrial;Controladores de Temperatura e Encoders;;E4;"";"Encoder";154.00;0
122203;"ENCODER INCREMENTAL ROTATIVO 1000PULSOS NPN 5-24VDC EIXO 6MM";Automação Industrial;Controladores de Temperatura e Encoders;;E4;"";"Encoder";178.00;2
122301;"Cremalheira dentes reto modulo1 / 15x15x2000mm *122301";CNC, Laser e Impressão 3D;Movimento Linear;Cremalheiras e Engrenagens;H1f;"";"";268.00;4
122302;"Cremalheira dentes reto modulo1,5 / 17X17X2000mm *122302";CNC, Laser e Impressão 3D;Movimento Linear;Cremalheiras e Engrenagens;H1f;"";"";310.00;2
122303;"Cremalheira dentes reto modulo2 / 20X20X2000mm *122303";CNC, Laser e Impressão 3D;Movimento Linear;Cremalheiras e Engrenagens;H1f;"";"";375.00;2
122304;"Cremalheira Helicoidal modulo1 / 15x15x2000mm *122304";CNC, Laser e Impressão 3D;Movimento Linear;Cremalheiras e Engrenagens;H1f;"";"";323.00;1
122305;"Engrenagem Reta mód1 20dentes diâmetro 22mm Furo 8mm*122305";CNC, Laser e Impressão 3D;Movimento Linear;Cremalheiras e Engrenagens;H1f;"";"";44.00;0
122306;"Engrenagem Reta mód1 31dentes diâmetro 33mm Furo 10mm*122306";CNC, Laser e Impressão 3D;Movimento Linear;Cremalheiras e Engrenagens;H1f;"";"";48.00;3
122307;"Engrenagem Reta mód1,5 18dentes diâmetro 30mm Furo8mm*122307";CNC, Laser e Impressão 3D;Movimento Linear;Cremalheiras e Engrenagens;H1f;"";"";42.00;1
122308;"Engrenagem Reta mód1,5 25dentes diâm40,5mm Furo10mm*122308";CNC, Laser e Impressão 3D;Movimento Linear;Cremalheiras e Engrenagens;H1f;"";"";61.00;1
122309;"Engrenagem Reta mód2 15dentes diâmetro34mm Furo10mm *122309";CNC, Laser e Impressão 3D;Movimento Linear;Cremalheiras e Engrenagens;H1f;"";"";55.00;1
122310;"Engrenagem Reta mód2 18dentes diâmetro 40mm Furo10mm *122310";CNC, Laser e Impressão 3D;Movimento Linear;Cremalheiras e Engrenagens;H1f;"";"";65.00;1
122311;"Engren. Helicoidal mód1 20dentes diâm23,20mm Furo8mm *122311";CNC, Laser e Impressão 3D;Movimento Linear;Cremalheiras e Engrenagens;H1f;"";"";94.00;0
122313;"Cremalheira Helicoidal modulo 1,25 dentes temperados 670mm *122313";CNC, Laser e Impressão 3D;Movimento Linear;Cremalheiras e Engrenagens;H1f;"";"";254.00;0
122402;"Bomba da agua para laser co2 p2430 25w 8,5l/min*122402";Motores, Drivers e Robótica;Bombas, Válvulas e Solenoides;;G6;"CNC, Laser e Impressão 3D > Laser: Módulos e Peças";"";350.00;0
122403;"Bomba da agua para spindle CO2 80W  3500l/h ipx8 220v *122403";Motores, Drivers e Robótica;Bombas, Válvulas e Solenoides;;G6;"CNC, Laser e Impressão 3D > Spindles, Inversores e Acessórios";"";246.90;1
122404;"INTERRUPTOR PRESSOSTATO DE ÁGUA SENSOR HT-30 PARA CO2 *122404";CNC, Laser e Impressão 3D;Laser: Módulos e Peças;;H7;"";"";110.00;1
122405;"Mangueira tubo silicone 8mm CO2 *122405";CNC, Laser e Impressão 3D;Laser: Módulos e Peças;;H7;"";"";;1
122408;"Bomba da agua para spindle 25W 2500l/h 220V";Motores, Drivers e Robótica;Bombas, Válvulas e Solenoides;;G6;"CNC, Laser e Impressão 3D > Spindles, Inversores e Acessórios";"";;0
130101;"Controlador Pixhawk *130101";Motores, Drivers e Robótica;Servos, Brushless e Aeromodelismo;;G4;"";"";;1
130401;"MICRO SERVO MOTOR 9G SG90 180° COM ACESSÓRIOS";Motores, Drivers e Robótica;Servos, Brushless e Aeromodelismo;;G4;"";"Motores";14.40;11
130402;"MICRO SERVO MOTOR MG996R COM ENGRENAGEM METÁLICAS 180 GRAUS";Motores, Drivers e Robótica;Servos, Brushless e Aeromodelismo;;G4;"";"Motores";39.00;9
130404;"SERVO MOTOR MG996R  360  GRAUS";Motores, Drivers e Robótica;Servos, Brushless e Aeromodelismo;;G4;"";"";;10
130501;"MICROMOTOR N20 DC 6V 30RPM COM CAIXA DE REDUÇÃO";Motores, Drivers e Robótica;Motores DC e Caixas de Redução;;G3;"";"Motores";29.90;6
130502;"MICROMOTOR N20 DC 6V 200RPM COM CAIXA DE REDUÇÃO";Motores, Drivers e Robótica;Motores DC e Caixas de Redução;;G3;"";"Motores";25.00;0
130503;"MICROMOTOR N20 DC 12V 50RPM COM CAIXA DE REDUÇÃO";Motores, Drivers e Robótica;Motores DC e Caixas de Redução;;G3;"";"Motores";25.00;0
130504;"MICROMOTOR N20 DC 12V 300RPM COM CAIXA DE REDUÇÃO";Motores, Drivers e Robótica;Motores DC e Caixas de Redução;;G3;"";"Motores";25.00;0
130505;"Moto redutor 3v 15RPM com caixa de redução *130505";Motores, Drivers e Robótica;Motores DC e Caixas de Redução;;G3;"";"";19.00;10
130506;"MICROMOTOR N20 DC 6V 50RPM COM CAIXA DE REDUÇÃO";Motores, Drivers e Robótica;Motores DC e Caixas de Redução;;G3;"";"";25.90;10
130507;"MICROMOTOR N20 DC 6V 100RPM COM CAIXA DE REDUÇÃO";Motores, Drivers e Robótica;Motores DC e Caixas de Redução;;G3;"";"";25.90;10
130508;"MICROMOTOR N20 DC 6V 1000RPM COM CAIXA DE REDUÇÃO";Motores, Drivers e Robótica;Motores DC e Caixas de Redução;;G3;"";"";25.90;10
130601_z;"Motor Brushless Racestar 2845 2600KV a prova d agua *130601";Motores, Drivers e Robótica;Servos, Brushless e Aeromodelismo;;G4;"";"";143.20;8
130701;"ESC 50A para motor Bruhless Hobbywing Skywalker 2-4S";Motores, Drivers e Robótica;Servos, Brushless e Aeromodelismo;;G4;"";"";119.30;1
131001_z;"Tubo Pitot airspeed velocidade vento Aeromodelismo *131001";Motores, Drivers e Robótica;Servos, Brushless e Aeromodelismo;;G4;"";"";60.00;1
150101;"Conta giro *150101";Prototipagem e Ferramentas;Ferramentas e Instrumentos de Bancada;;K3;"";"";129.90;1
150905;"IMPRESSORA 3D CREALITY ENDER3 MONTADA E CONFIGURADA";CNC, Laser e Impressão 3D;Máquinas e Equipamentos;;H9;"";"Equipamentos";3290.00;0
151177;"KIT DIDATICO COM CAIXA ORGANIZADORA (Eletrônico e Robótica) *151177";Placas e Embarcados;Kits Arduino e Educacionais;;A7;"";"";469.00;0
170101;"PLACA WIFI NODEMCU V3 ESP8266 ESP12 COM CHIP USB CP2102";Placas e Embarcados;ESP32 e ESP8266;;A2;"";"1 - Placas Embarcados";32.00;7
170102;"MODULO PLACA ESP32 DUAL CORE WIFI BLUETOOTH IOT";Placas e Embarcados;ESP32 e ESP8266;;A2;"";"1 - Placas Embarcados";54.90;13
170103;"MÓDULO WIFI ESP8266 ESP-12F";Placas e Embarcados;ESP32 e ESP8266;;A2;"";"2 - Módulos e shields";30.00;10
170104;"PLACA ESPDUINO ESP32 D1 R32 IOT WIFI BLUETOOTH";Placas e Embarcados;ESP32 e ESP8266;;A2;"";"1 - Placas Embarcados";64.00;25
170105;"MODULO ESP32-CAM ESP32S CAMERA OV2640 2MP COM GRAVADOR";Placas e Embarcados;ESP32 e ESP8266;;A2;"";"1 - Placas Embarcados";119.90;4
170106;"MODULO PLACA ESP32 38 PINOS WIFI BLUETOOTH IOT";Placas e Embarcados;ESP32 e ESP8266;;A2;"";"1 - Placas Embarcados";54.90;1
170107;"PLACA BORNE INTERFACE PARA ESP32 38 PINOS WROOM-32 WROOM-32U";Placas e Embarcados;Shields e Placas de Interface;;A5;"";"2 - Módulos e shields";46.00;11
170109;"PLACA ESP32 WROOM 32U WIFI BLUETOOTH COM ANTENA EXTERNA";Placas e Embarcados;ESP32 e ESP8266;;A2;"";"1 - Placas Embarcados";79.90;0
170110;"PLACA ESP32 WIFI BLUETOOTH COM DISPLAY OLED";Placas e Embarcados;ESP32 e ESP8266;;A2;"";"1 - Placas Embarcados";107.90;5
170112;"Placa ESP32 TTGO com case para bateria 18650";Placas e Embarcados;ESP32 e ESP8266;;A2;"";"";125.00;5
170113;"PLACA ESP32 DOIT DEVKITC V4 WROOM-32D WIFI BLUETOOTH";Placas e Embarcados;ESP32 e ESP8266;;A2;"";"1 - Placas Embarcados";54.90;4
170114;"PLACA ESP32 TIPO C WROOM 32U WIFI BLUETOOTH ANTENA EXTERNA";Placas e Embarcados;ESP32 e ESP8266;;A2;"";"1 - Placas Embarcados";79.90;39
170207;"MÓDULO BLUETOOTH SERIAL HC-05 MESTRE ESCRAVO";Módulos;Wireless, IoT e Antenas;;B4;"";"2 - Módulos e shields";42.00;59
170209;"MÓDULO BLUETOOTH SERIAL HC-06 ESCRAVO";Módulos;Wireless, IoT e Antenas;;B4;"";"2 - Módulos e shields";37.30;31
170301;"INTERRUPTOR WIFI INTELIGENTE SONOFF AUTOMAÇÃO RESIDENCIAL";Módulos;Wireless, IoT e Antenas;;B4;"";"Módulos";83.72;0
170401;"MÓDULO WIFI ESP8266 ESP-12F";Placas e Embarcados;ESP32 e ESP8266;;A2;"";"2 - Módulos e shields";20.80;19
170402;"MÓDULO WIFI ESP8266 ESP-01";Placas e Embarcados;ESP32 e ESP8266;;A2;"";"2 - Módulos e shields";16.80;19
170403;"ADAPTADOR RECEPTOR WIRELESS WIFI USB 150MBPS";Módulos;Wireless, IoT e Antenas;;B4;"";"Conversores";22.40;25
170404;"MÓDULO WIRELESS NRF24L01 2.4GHZ RF COM ANTENA";Módulos;Wireless, IoT e Antenas;;B4;"";"2 - Módulos e shields";24.90;2
170405;"MÓDULO RELE WIFI PARA ESP-01 ESP8266 1 CANAL";Módulos;Wireless, IoT e Antenas;;B4;"";"2 - Módulos e shields";28.00;4
170406;"Módulo Wireless Esp-07 para antena externa";Placas e Embarcados;ESP32 e ESP8266;;A2;"";"";37.00;8
170407;"ADAPTADOR WIFI USB ALFA AWUS036ACM PARA RASPBERRY PI LINUX";Módulos;Wireless, IoT e Antenas;;B4;"";"";;0
170408;"MÓDULO WIRELESS NRF24L01 2.4GHZ RF COM SAIDA ANTENA EXTERNA";Módulos;Wireless, IoT e Antenas;;B4;"";"2 - Módulos e shields";24.90;0
170409;"PLACA ARDUINO NANO RF COM NRF24L01";Placas e Embarcados;Arduino e Compatíveis;;A1;"";"1 - Placas Embarcados";83.00;4
170410;"ADAPTADOR PARA NRF24L01 COM REGULADOR";Módulos;Wireless, IoT e Antenas;;B4;"";"2 - Módulos e shields";9.90;10
170501;"MODULO RF 433MHZ WIRELESS TRANSMISSOR RECEPTOR";Módulos;Wireless, IoT e Antenas;;B4;"";"2 - Módulos e shields";9.60;9
170502;"MÓDULO RELÉ COM CONTROLE 433MHZ 1 CANAL 12V 10A";Módulos;Wireless, IoT e Antenas;;B4;"";"Módulos";57.00;20
170706;"PLACA ESP32 LORA V2 SX1276 915MHZ WIFI BLE DISPLAY OLED";Placas e Embarcados;ESP32 e ESP8266;;A2;"";"1 - Placas Embarcados";189.00;0
170707;"ADAPTADOR GATEWAY LORA HT-M01 PARA RPI ZERO";Módulos;Wireless, IoT e Antenas;;B4;"";"2 - Módulos e shields";168.00;0
170709;"PLACA ESP32 LORA V3 SX1276 915MHZ WIFI BLE DISPLAY OLED";Placas e Embarcados;ESP32 e ESP8266;;A2;"";"1 - Placas Embarcados";247.00;0
170802;"ANTENA MOVEL 868MHZ 915MHZ GSM 3G GANHO 7DBI CABO 3MTS";Módulos;Wireless, IoT e Antenas;;B4;"";"Antenas";52.00;0
180201;"PLACA RAMPS 1.4 SHIELD ARDUINO MEGA PARA IMPRESSORA 3D";CNC, Laser e Impressão 3D;Controladoras e Eletrônica CNC;;H4;"";"Placas de controle";36.80;5
180302;"DISPLAY TELA LCD 128X64 RAMPS CONTROLE IMPRESSORA 3D";CNC, Laser e Impressão 3D;Impressão 3D: Hotend, Bicos e Peças;;H8;"";"Geral";116.80;7
180304;"DISPLAY TELA LCD 2004 PARA RAMPS CONTROLE IMPRESSORA 3D";CNC, Laser e Impressão 3D;Impressão 3D: Hotend, Bicos e Peças;;H8;"";"Geral";91.00;2
180402;"MESA AQUECIDA HEATBED 214X214X3MM MK3 COM CABOS";CNC, Laser e Impressão 3D;Impressão 3D: Hotend, Bicos e Peças;;H8;"";"Geral";140.00;0
180403;"Cama mesa aquecida 240x240mm 12V *180403";CNC, Laser e Impressão 3D;Impressão 3D: Hotend, Bicos e Peças;;H8;"";"";118.30;1
180404;"Cama mesa aquecida 328x328mm 127/220V *180404";CNC, Laser e Impressão 3D;Impressão 3D: Hotend, Bicos e Peças;;H8;"";"";259.00;1
180405;"Vidro temperado para mesa aquecida 328x328mm *180405";CNC, Laser e Impressão 3D;Impressão 3D: Hotend, Bicos e Peças;;H8;"";"";39.00;1
180406;"Cama mesa aquecida 420x420mm 127/220V *180406";CNC, Laser e Impressão 3D;Impressão 3D: Hotend, Bicos e Peças;;H8;"";"";389.00;1
180407;"Vidro temperado para mesa aquecida 420x420mm *180407";CNC, Laser e Impressão 3D;Impressão 3D: Hotend, Bicos e Peças;;H8;"";"";39.00;1
180408;"Cama mesa aquecida 520x520mm 127/220V *180408";CNC, Laser e Impressão 3D;Impressão 3D: Hotend, Bicos e Peças;;H8;"";"";399.00;1
180501;"MICRO CHAVE FIM DE CURSO KW11-3Z 5A 250V IMPRESSORA 3D";CNC, Laser e Impressão 3D;Impressão 3D: Hotend, Bicos e Peças;;H8;"";"Sensores";4.50;23
180601;"EXTRUSORA HOTEND E3D V6 BOWDEN BICO 0.4MM 1,75MM 12V";CNC, Laser e Impressão 3D;Impressão 3D: Hotend, Bicos e Peças;;H8;"";"Geral";75.00;7
180602;"CARTUCHO AQUECIMENTO 12V 40W EXTRUSORA PARA IMPRESSORA 3D";CNC, Laser e Impressão 3D;Impressão 3D: Hotend, Bicos e Peças;;H8;"";"Geral";16.60;33
180603;"TERMISTOR NTC 100K 3950 COM CABO PARA IMPRESSORA 3D";CNC, Laser e Impressão 3D;Impressão 3D: Hotend, Bicos e Peças;;H8;"";"Sensores";8.90;26
180604;"BICO EXTRUSORA 0,4MM FILAMENTO 1,75MM IMPRESSORA 3D E3D V6";CNC, Laser e Impressão 3D;Impressão 3D: Hotend, Bicos e Peças;;H8;"";"Acessórios";3.90;130
180605;"ENGRENAGEM EXTRUSORA MK7 MK8 26 DENTES IMPRESSORA 3D";CNC, Laser e Impressão 3D;Impressão 3D: Hotend, Bicos e Peças;;H8;"";"Cremalheira e Pinhão";15.60;2
180606;"TUBO PTFE 2X4MM PARA FILAMENTO 1,75MM 1MT IMPRESSORA 3D";CNC, Laser e Impressão 3D;Impressão 3D: Hotend, Bicos e Peças;;H8;"";"Acessórios";14.90;0
180607;"GARGANTA COM TEFLON EXTRUSORA E3D V6 PARA FILAMENTO 1,75MM";CNC, Laser e Impressão 3D;Impressão 3D: Hotend, Bicos e Peças;;H8;"";"Acessórios";12.00;13
180608;"BICO EXTRUSORA 0,4MM FILAMENTO 1,75MM IMPRESSORA MK8";CNC, Laser e Impressão 3D;Impressão 3D: Hotend, Bicos e Peças;;H8;"";"Acessórios";5.50;65
180609;"KIT TRACIONADOR EXTRUSORA MK8 ALL METAL ALUMINIO BOWDEN";CNC, Laser e Impressão 3D;Impressão 3D: Hotend, Bicos e Peças;;H8;"";"Acessórios";119.00;5
180610;"KIT EXTRUSORA HOTEND ANET A2 A8 MK8 12V 40W";CNC, Laser e Impressão 3D;Impressão 3D: Hotend, Bicos e Peças;;H8;"";"Geral";45.00;1
180611;"GARGANTA COM TEFLON PTFE EXTRUSORA ANET MK8 M6X30MM 1,75MM";CNC, Laser e Impressão 3D;Impressão 3D: Hotend, Bicos e Peças;;H8;"";"Acessórios";10.90;10
180612;"EXTRUSORA HOTEND E3D V6 DIRECT DRIVE BICO 0.4MM 1,75MM 12V";CNC, Laser e Impressão 3D;Impressão 3D: Hotend, Bicos e Peças;;H8;"";"Geral";75.90;19
180613;"OBSOLETO-BLOCO ALUMÍNIO EXTRUSORA E3D V6 HOTEND 20X16X12MM *180613";NÃO PUBLICAR;Obsoleto, uso interno ou teste;;X0;"";"";6.90;0
180614;"Garganta com teflon extrusora V6 short distance 1,75mm *180614";CNC, Laser e Impressão 3D;Impressão 3D: Hotend, Bicos e Peças;;H8;"";"";11.90;15
180615_z;"Bico Noozle hotend extrusora 0.3mm Impressora 3d  *180615";CNC, Laser e Impressão 3D;Impressão 3D: Hotend, Bicos e Peças;;H8;"";"";4.90;100
180616;"Sistema Bowden lado direito tracionador filamento alumínio MK8 *180616";CNC, Laser e Impressão 3D;Impressão 3D: Hotend, Bicos e Peças;;H8;"";"";94.00;3
180618;"kit completo tracionador extrusor MK8 com motor*180618";CNC, Laser e Impressão 3D;Impressão 3D: Hotend, Bicos e Peças;;H8;"";"";180.00;1
180619;"Bico extruso MK8 0,4mm 6mm largura M6 *180619";CNC, Laser e Impressão 3D;Impressão 3D: Hotend, Bicos e Peças;;H8;"";"";5.90;98
180620;"Cartucho aquecimento resistencia 24v 40W extrusora impressora 3D *180620";CNC, Laser e Impressão 3D;Impressão 3D: Hotend, Bicos e Peças;;H8;"";"";12.90;28
180621;"Garganta ender3";CNC, Laser e Impressão 3D;Impressão 3D: Hotend, Bicos e Peças;;H8;"";"";10.90;8
180622;"bico 1mm ender3";CNC, Laser e Impressão 3D;Impressão 3D: Hotend, Bicos e Peças;;H8;"";"";;9
180623;"bico 0.4mm ender3";CNC, Laser e Impressão 3D;Impressão 3D: Hotend, Bicos e Peças;;H8;"";"";;21
180811;"SENSOR TERMOPAR TIPO K 0 A 600 GRAUS";Sensores;Temperatura e Umidade;;C1;"";"";;10
180901;"Kit com 4 Parafuso Mola Alinhamento Mesa Aquecida Impressora 3d *180901";CNC, Laser e Impressão 3D;Impressão 3D: Hotend, Bicos e Peças;;H8;"";"";14.00;9
180902_z;"FITA POLIAMIDA TIPO KAPTON 20MM 30MT ALTA TEMPERATURA*180902";CNC, Laser e Impressão 3D;Impressão 3D: Hotend, Bicos e Peças;;H8;"";"";44.30;40
180903_z;"Agulha de limpeza para bico impressora 3D 0,3mm *180903";CNC, Laser e Impressão 3D;Impressão 3D: Hotend, Bicos e Peças;;H8;"";"";8.30;19
180904_z;"Agulha de limpeza para bico impressora 3D 0,4mm *180904";CNC, Laser e Impressão 3D;Impressão 3D: Hotend, Bicos e Peças;;H8;"";"";8.30;19
180905;"SENSOR DETECTOR DE FALTA DE FILAMENTO PRETO";CNC, Laser e Impressão 3D;Impressão 3D: Hotend, Bicos e Peças;;H8;"";"Geral";20.90;6
190101;"SENSOR DE RADIAÇÃO SOLAR ULTRAVIOLETA ML8511";Sensores;Gás, Chama, Som, Luz e Cor;;C5;"";"2 - Módulos e shields";215.00;2
190201;"MODULO SENSOR DE CORRENTE ACS712 30A";Sensores;Corrente e Tensão;;C4;"";"2 - Módulos e shields";16.80;24
190202;"SENSOR DE CORRENTE NÃO INVASIVO 100A SAIDA 50MA SCT013";Sensores;Corrente e Tensão;;C4;"";"Sensores";57.60;19
190203;"SENSOR DE CORRENTE NÃO INVASIVO 30A AC - SCT-013-030";Sensores;Corrente e Tensão;;C4;"";"Sensores";55.90;6
190204;"Modulo Sensor De Corrente Acs712 5A  *190204";Sensores;Corrente e Tensão;;C4;"";"";18.00;10
190205;"AMPERÍMETRO ANALÓGICO 50MA 85C1 PARA LASER CO2";CNC, Laser e Impressão 3D;Laser: Módulos e Peças;;H7;"";"Geral";73.00;5
190206_z;"Amperimetro analogico 30ma para laser *190206";CNC, Laser e Impressão 3D;Laser: Módulos e Peças;;H7;"";"";73.00;4
190207;"Sensor de corrente AC 5A com rele 5V";Sensores;Corrente e Tensão;;C4;"";"";48.00;8
190208;"Sensor de corrente trifásico 0-50V saída 0-10V";Sensores;Corrente e Tensão;;C4;"";"";;1
190209;"Sensor de tensao trifásico 0-500VAC saída 0-10V";Sensores;Corrente e Tensão;;C4;"";"";;0
190301;"SENSOR INDUTIVO DE PROXIMIDADE PNP M12 6-36VDC 3 FIOS NA";Sensores;Indutivos, Capacitivos e Fim de Curso;;C3;"";"Sensores";32.00;7
190302;"SENSOR INDUTIVO DE PROXIMIDADE NPN M12 6-36VDC 3 FIOS NA";Sensores;Indutivos, Capacitivos e Fim de Curso;;C3;"";"Sensores";30.40;20
190303_z;"Sensor de Proximidade Infravermelho E18-D80NK  *190303";Sensores;Distância, Presença e Movimento;;C2;"";"";42.00;15
190304_z;"Sensor capacitivo 1-10mm NPN NO DC 6-36 V 300mA *190304";Sensores;Indutivos, Capacitivos e Fim de Curso;;C3;"";"";75.00;2
190305;"Sensor capacitivo 1-10mm PNP NO DC 6-36 V 300mA *190305";Sensores;Indutivos, Capacitivos e Fim de Curso;;C3;"";"";75.00;3
190306;"SENSOR INDUTIVO DE PROXIMIDADE NPN NC 10-30VDC SN04-N2";Sensores;Indutivos, Capacitivos e Fim de Curso;;C3;"";"Sensores";32.00;0
190307;"SENSOR INDUTIVO DE PROXIMIDADE NPN NO 10-30VDC SN04-N";Sensores;Indutivos, Capacitivos e Fim de Curso;;C3;"";"Sensores";32.00;6
190501;"SENSOR DE FLUXO DE ÁGUA 1/2POL 1-30L/MIN";Sensores;Fluxo, Nível, Chuva e Solo;;C6;"";"Sensor de fluxo";29.60;27
190502;"SENSOR DE FLUXO DE ÁGUA 3/4POL 1-60L/MIN";Sensores;Fluxo, Nível, Chuva e Solo;;C6;"";"Sensor de fluxo";69.00;4
190503;"SENSOR DE FLUXO DE ÁGUA 1 POL 1-60L/MIN";Sensores;Fluxo, Nível, Chuva e Solo;;C6;"";"Sensor de fluxo";114.00;79
190505;"Sensor de fluxo de agua em metal YF-B10 1pol 2 a 50l/min";Sensores;Fluxo, Nível, Chuva e Solo;;C6;"";"";190.00;1
190506;"Sensor de fluxo de agua em inox 1pol 2 a 50l/min";Sensores;Fluxo, Nível, Chuva e Solo;;C6;"";"";418.00;0
190601;"CÉLULA DE CARGA SENSOR DE PESO 1KG PARA BALANÇA";Sensores;Peso, Carga e Piezo;;C7;"";"Células de Carga";18.90;26
190602;"CÉLULA DE CARGA SENSOR DE PESO 5KG PARA BALANÇA";Sensores;Peso, Carga e Piezo;;C7;"";"Células de Carga";28.90;46
190603;"CÉLULA DE CARGA SENSOR DE PESO 20KG PARA BALANÇA";Sensores;Peso, Carga e Piezo;;C7;"";"Células de Carga";26.90;17
190604;"CÉLULA DE CARGA SENSOR DE PESO 50KG PARA BALANÇA";Sensores;Peso, Carga e Piezo;;C7;"";"Células de Carga";9.90;10
190606;"MÓDULO SEGUIDOR LINHA TCRT5000 SENSOR INFRAVERMELHO";Sensores;Distância, Presença e Movimento;;C2;"";"2 - Módulos e shields";6.90;12
190607;"CÉLULA DE CARGA SENSOR DE PESO 2KG PARA BALANÇA";Sensores;Peso, Carga e Piezo;;C7;"";"Células de Carga";20.70;1
190608;"CÉLULA DE CARGA SENSOR DE PESO 10KG PARA BALANÇA";Sensores;Peso, Carga e Piezo;;C7;"";"Células de Carga";19.20;59
190610;"SENSOR DE OBSTÁCULO INFRAVERMELHO REFLEXÃO LM393";Sensores;Distância, Presença e Movimento;;C2;"";"2 - Módulos e shields";8.60;29
190611;"Sensor extensometro BF350 com fio *190611";Sensores;Peso, Carga e Piezo;;C7;"";"";10.00;7
190801;"KIT SENSOR TEMPERATURA TERMOPAR TIPO K COM MODULO MAX6675";Sensores;Temperatura e Umidade;;C1;"";"2 - Módulos e shields";36.90;15
190802;"TERMÔMETRO DIGITAL DE TEMPERATURA COM DISPLAY PARA PAINEL";Sensores;Temperatura e Umidade;;C1;"";"Sensores";15.40;24
190803;"TERMÔMETRO DIGITAL DE TEMPERATURA BRANCO COM DISPLAY";Sensores;Temperatura e Umidade;;C1;"";"Sensores";20.20;29
190804;"SENSOR DE TEMPERATURA DIGITAL DS18B20 TO-92";Sensores;Temperatura e Umidade;;C1;"";"Componentes";7.20;28
190805;"SENSOR DE TEMPERATURA DS18B20 PROVA DA ÁGUA CABO 1MT";Sensores;Temperatura e Umidade;;C1;"";"Sensores";13.60;12
190806;"Sensor de Temperatura NTC 10K 5mm *190806";Sensores;Temperatura e Umidade;;C1;"";"";2.30;88
190807;"Controlador temperatura termostato chocadeira Bivolt *190807";Automação Industrial;Controladores de Temperatura e Encoders;;E4;"";"";62.00;9
190808;"Controlador temperatura chocadeira Bivolt DST1020 *190808";Automação Industrial;Controladores de Temperatura e Encoders;;E4;"";"";132.00;2
190809;"Sensor de temperatura Max31865";Sensores;Temperatura e Umidade;;C1;"";"";;4
190810;"Sensor de temperatura para termopar Max31855";Sensores;Temperatura e Umidade;;C1;"";"";;4
190901;"SENSOR DE UMIDADE DO SOLO HIGRÔMETRO COM MODULO E CABOS";Sensores;Fluxo, Nível, Chuva e Solo;;C6;"";"Sensores";11.90;3
190902;"SENSOR DE UMIDADE DO SOLO ACIONAMENTO AUTOMATICO COM RELE 12V";Sensores;Fluxo, Nível, Chuva e Solo;;C6;"";"Sensores";38.00;5
190903;"SENSOR DE UMIDADE DO SOLO ACIONAMENTO AUTOMATICO COM RELE 5V";Sensores;Fluxo, Nível, Chuva e Solo;;C6;"";"";38.00;30
191002;"SENSOR DE PRESSÃO TEMPERATURA UMIDADE BOSCH BME280 3,3VDC";Sensores;Temperatura e Umidade;;C1;"";"2 - Módulos e shields";38.90;0
191003;"SENSOR DE PRESSÃO E TEMPERATURA BMP280";Sensores;Temperatura e Umidade;;C1;"";"";;10
191101;"SENSOR DE LUMINOSIDADE BH1750FVI LUX";Sensores;Gás, Chama, Som, Luz e Cor;;C5;"";"Sensores";14.90;7
191102;"SENSOR DE LUMINOSIDADE LDR 5MM";Sensores;Gás, Chama, Som, Luz e Cor;;C5;"";"Componentes";1.10;143
191103;"MÓDULO SENSOR MAGNÉTICO  DE EFEITO HALL 3144";Sensores;Indutivos, Capacitivos e Fim de Curso;;C3;"";"2 - Módulos e shields";4.80;7
191104;"MÓDULO SENSOR OPTICO  TCST2103 COM CABO 50CM";Sensores;Indutivos, Capacitivos e Fim de Curso;;C3;"";"Sensores";9.60;10
191201;"SENSOR INFRAVERMELHO REFLEXIVO FOTOTRANSISTOR TCRT5000";Sensores;Distância, Presença e Movimento;;C2;"";"Sensores";2.50;297
191202;"SENSOR DE PRESENÇA MOVIMENTO PIR HC-SR501";Sensores;Distância, Presença e Movimento;;C2;"";"2 - Módulos e shields";11.90;8
191301;"SENSOR ULTRASSÔNICO DE DISTÂNCIA HC-SR04";Sensores;Distância, Presença e Movimento;;C2;"";"2 - Módulos e shields";9.90;1
191302;"SENSOR DISTANCIA ULTRASSÔNICO JSN-SR04T PROVA D'AGUA";Sensores;Distância, Presença e Movimento;;C2;"";"Sensores";85.00;8
191303;"SENSOR DISTÂNCIA LASER VL53L0X";Sensores;Distância, Presença e Movimento;;C2;"";"Sensores";40.00;19
191501;"SENSOR DE UMIDADE E TEMPERATURA AM2302 DHT22 ORIGINAL";Sensores;Temperatura e Umidade;;C1;"";"Sensores";42.90;3
191502;"MÓDULO SENSOR DE UMIDADE E TEMPERATURA AM2302 DHT22";Sensores;Temperatura e Umidade;;C1;"";"2 - Módulos e shields";50.00;2
191601;"TRANSDUTOR PASTILHA PIEZOELÉTRICO 27MM SEM CABO";Sensores;Peso, Carga e Piezo;;C7;"";"Sensores";1.30;13
191602;"TRANSDUTOR PASTILHA PIEZOELÉTRICO 27MM COM CABO";Sensores;Peso, Carga e Piezo;;C7;"";"Sensores";3.50;221
191603;"TRANSDUTOR PASTILHA PIEZOELÉTRICO 35MM SEM CABO";Sensores;Peso, Carga e Piezo;;C7;"";"Sensores";2.10;284
191604;"TRANSDUTOR PASTILHA PIEZOELÉTRICO 35MM COM CABO";Sensores;Peso, Carga e Piezo;;C7;"";"Sensores";2.50;0
191701;"ACELERÔMETRO GIROSCÓPIO 3 EIXOS 6 DOF MPU6050";Sensores;Distância, Presença e Movimento;;C2;"";"2 - Módulos e shields";21.60;20
191801;"KIT LEITOR RFID RC522 COM CARTÃO E TAG MIFARE 13.56MHZ";Módulos;RFID e Biometria;;B5;"";"2 - Módulos e shields";17.50;6
191802;"TAG ADESIVO RFID MIFARE NTAG213 NFC 13.56MHZ REGRAVÁVEL";Módulos;RFID e Biometria;;B5;"";"Sensores";1.50;6
191803;"CHAVEIRO RFID 13.56MHZ COM TAG PARA CONTROLE DE ACESSO";Módulos;RFID e Biometria;;B5;"";"5 - Acessórios";2.90;98
191804;"CARTÃO RFID PROGRAMÁVEL MIFARE MFS50 13.56MHZ";Módulos;RFID e Biometria;;B5;"";"5 - Acessórios";2.30;26
191811;"Modulo Leitor E Gravador Nfc Rfid - Pn532 V3 +1 Tags*191811";Módulos;RFID e Biometria;;B5;"";"";120.00;0
191901;"PASTILHA TERMOELÉTRICA PELTIER 12V TEC1-12706";Automação Industrial;Ventilação e Refrigeração;;E6;"";"Geral";29.60;13
191903_z;"Junta de isolamento para pastilha peltier 40x40mm *191903";Automação Industrial;Ventilação e Refrigeração;;E6;"";"";5.00;96
191904;"Bloco alumínio refrigeração agua 40x40x12mm *191904";Automação Industrial;Ventilação e Refrigeração;;E6;"";"";34.90;7
192001;"SENSOR MAGNÉTICO REED SWITCH NA 2X14MM 0,5A";Sensores;Indutivos, Capacitivos e Fim de Curso;;C3;"";"Sensores";2.30;227
192002;"SENSOR MAGNÉTICO REED SWITCH 3 PINOS CONTATO NA NF";Sensores;Indutivos, Capacitivos e Fim de Curso;;C3;"";"Sensores";4.90;0
192003;"SENSOR MAGNÉTICO MC-38 COM FIO PARA ALARME E AUTOMAÇÃO";Sensores;Indutivos, Capacitivos e Fim de Curso;;C3;"";"Sensores";12.00;6
192004;"SENSOR MAGNÉTICO REED SWITCH 3 PINOS CONTATO NA NF RI-90";Sensores;Indutivos, Capacitivos e Fim de Curso;;C3;"";"";5.97;0
192101;"MODULO CHAVE FIM DE CURSO COM CABO";Sensores;Indutivos, Capacitivos e Fim de Curso;;C3;"";"Sensores";9.50;61
192102;"SENSOR DE FIM DE CURSO OPTICO LERGE COM CABO";Sensores;Indutivos, Capacitivos e Fim de Curso;;C3;"";"Sensores";12.00;3
192103;"Chave fim de curso haste longa com rolete AZ-7121 *192103";Sensores;Indutivos, Capacitivos e Fim de Curso;;C3;"";"";43.00;1
192107_z;"Chave fim de curso haste longa sem rolete AZ-7120 *192107";Sensores;Indutivos, Capacitivos e Fim de Curso;;C3;"";"";45.00;4
192108;"Chave fim de curso de pulso AZ-7310 *192108";Sensores;Indutivos, Capacitivos e Fim de Curso;;C3;"";"";43.00;0
192110;"Chave fim de curso de pulso haste longa CMV103D para laser *192110";Sensores;Indutivos, Capacitivos e Fim de Curso;;C3;"";"";20.00;3
192301;"Sensor Nivelamento Automático Touch Impressora 3d *192301";CNC, Laser e Impressão 3D;Impressão 3D: Hotend, Bicos e Peças;;H8;"";"";;5
192401;"SENSOR DE CHUVA COM MODULO CONVERSOR E CABOS";Sensores;Fluxo, Nível, Chuva e Solo;;C6;"";"Sensores";8.80;35
192402;"sensor de chuva com modulo rele 5V";Sensores;Fluxo, Nível, Chuva e Solo;;C6;"";"";;11
192601;"SENSOR DE COR RGB COM FILTRO DE IR TCS34725";Sensores;Gás, Chama, Som, Luz e Cor;;C5;"";"Sensores";28.20;0
192602;"SENSOR DE COR RGB TCS230 TCS3200 *192602";Sensores;Gás, Chama, Som, Luz e Cor;;C5;"";"";49.90;7
192801_z;"Sensor de nivel horizontal plastico *192801";Sensores;Fluxo, Nível, Chuva e Solo;;C6;"";"";20.00;17
192802;"SENSOR DE NÍVEL DE ÁGUA VERTICAL TIPO BOIA";Sensores;Fluxo, Nível, Chuva e Solo;;C6;"";"Sensores";20.00;3
192803;"SENSOR DE NÍVEL DE LÍQUIDOS SEM CONTATO  XKC-Y25-V";Sensores;Fluxo, Nível, Chuva e Solo;;C6;"";"Sensores";67.90;0
192804;"CONTROLADOR DE NÍVEL DE ÁGUA AUTOMÁTICO XH-M203 COM RELE";Sensores;Fluxo, Nível, Chuva e Solo;;C6;"";"Módulos";64.00;10
200102;"CONVERSOR USB PARA RS485 COM BORNE";Módulos;Comunicação Serial, CAN e Ethernet;;B2;"";"Conversores";13.30;54
200104;"MÓDULO CONVERSOR TTL PARA RS485 BIDIRECIONAL";Módulos;Comunicação Serial, CAN e Ethernet;;B2;"";"2 - Módulos e shields";5.60;15
200106;"CONVERSOR ADAPTADOR USB PARA SERIAL RS232 DB9";Módulos;Comunicação Serial, CAN e Ethernet;;B2;"";"Conversores";20.00;14
200108;"CONVERSOR USB PARA TTL FTDI UART RS232 5V 3.3V";Módulos;Comunicação Serial, CAN e Ethernet;;B2;"";"Conversores";18.90;78
200109;"CONVERSOR ADAPTADOR USB PARA SERIAL RS232 COM CABO";Módulos;Comunicação Serial, CAN e Ethernet;;B2;"";"Conversores";16.90;20
200110;"ADAPTADOR ETHERNET USB 3.0 PARA RJ45 10/100/1000MPBS";Conectores e Cabos;Conectores DB, RJ45, HDMI e Adaptadores;;J4;"";"Conversores";99.00;9
200111;"Cabo adaptador RJ45 POE 1 par";Conectores e Cabos;Conectores DB, RJ45, HDMI e Adaptadores;;J4;"";"";;10
200112;"Emenda simples RJ45";Conectores e Cabos;Conectores DB, RJ45, HDMI e Adaptadores;;J4;"";"";;29
200113;"Extensor USB via RJ45";Conectores e Cabos;Conectores DB, RJ45, HDMI e Adaptadores;;J4;"";"";;1
200114;"MÓDULO DB9 CONVERSOR  MAX3232 RS232 TTL SERIAL";Módulos;Comunicação Serial, CAN e Ethernet;;B2;"";"";10.00;10
200115;"Cabo db9 macho e femea 1,5mt";Conectores e Cabos;Cabos USB, HDMI e Extensões de Painel;;J5;"";"";;10
200116;"CONVERSOR USB TIPO C PARA TTL FTDI UART RS232 5V 3.3V";Módulos;Comunicação Serial, CAN e Ethernet;;B2;"";"";18.90;10
200117;"Cabo db9 serial macho para IHM DOP delta 3m";Automação Industrial;CLP e IHM;;E1;"";"";110.00;5
200118;"Cabo serial Waveshare USB para TTL de 6 pinos FTDI";Módulos;Comunicação Serial, CAN e Ethernet;;B2;"";"";279.00;1
200201;"CONVERSOR DE TENSÃO AJUSTÁVEL DC/DC STEP UP BOOST XL6009";Energia e Alimentação;Conversores DC-DC Step Up e Step Down;;F2;"";"Conversores";10.40;116
200202;"CONVERSOR DE TENSÃO AJUSTÁVEL DC/DC STEP DOWN LM2596";Energia e Alimentação;Conversores DC-DC Step Up e Step Down;;F2;"";"Conversores";14.90;16
200203;"CONVERSOR DE NIVEL LÓGICO 2 CANAIS BIDIRECIONAL 3V3 5V";Módulos;Conversores de Sinal e Nível Lógico;;B3;"";"2 - Módulos e shields";3.60;14
200204;"CONVERSOR DE NIVEL LÓGICO 4 CANAIS BIDIRECIONAL 3V3 5V";Módulos;Conversores de Sinal e Nível Lógico;;B3;"";"2 - Módulos e shields";4.00;22
200205;"Conversor step Down 12/24V para 5V 10A *200205";Energia e Alimentação;Conversores DC-DC Step Up e Step Down;;F2;"";"";78.00;11
200206;"Conversor step Down 300w 5-40v para 1.2-35v  *200206";Energia e Alimentação;Conversores DC-DC Step Up e Step Down;;F2;"";"";62.00;4
200207;"CONVERSOR DE TENSÃO DC-DC STEP DOWN 25W 9-36V PARA USB 5V";Energia e Alimentação;Conversores DC-DC Step Up e Step Down;;F2;"";"Conversores";49.00;17
200224;"CONVERSOR DE TENSÃO AJUSTÁVEL DC/DC STEP UP 150W 35V 10A";Energia e Alimentação;Conversores DC-DC Step Up e Step Down;;F2;"";"Conversores";38.00;5
200225;"CONVERSOR DE TENSÃO AJUSTÁVEL DC/DC STEPUP BOOST 400W 12A";Energia e Alimentação;Conversores DC-DC Step Up e Step Down;;F2;"";"Conversores";58.00;10
200226;"CONVERSOR DE TENSÃO AJUSTÁVEL STEPUP STEPDOWN XY-SJVA";Energia e Alimentação;Conversores DC-DC Step Up e Step Down;;F2;"";"Conversores";35.00;0
200227;"Modulo regulador tensão step down LM2596 com display";Energia e Alimentação;Conversores DC-DC Step Up e Step Down;;F2;"";"";33.90;10
200228;"Modulo regulador tensão step up XL6009 com display";Energia e Alimentação;Conversores DC-DC Step Up e Step Down;;F2;"";"";33.90;10
200301;"MODULO CONVERSOR HX711 PARA CÉLULA DE CARGA";Sensores;Peso, Carga e Piezo;;C7;"";"2 - Módulos e shields";6.40;41
200302;"CONVERSOR CORRENTE PARA TENSÂO 4-20MA PARA 0-15V AJUSTAVEL";Módulos;Conversores de Sinal e Nível Lógico;;B3;"";"2 - Módulos e shields";14.30;6
200303;"CONVERSOR TENSÃO PARA CORRENTE 0-24V AJUSTAVEL PARA 4-20MA";Módulos;Conversores de Sinal e Nível Lógico;;B3;"";"2 - Módulos e shields";25.50;0
200304;"MÓDULO CONVERSOR DIGITAL ANALÓGICO MCP4725 I2C";Módulos;Conversores de Sinal e Nível Lógico;;B3;"";"2 - Módulos e shields";16.00;8
200305;"CONVERSOR ANALÓGICO DIGITAL ADS1115 16 BITS 4 CANAIS ADC";Módulos;Conversores de Sinal e Nível Lógico;;B3;"";"2 - Módulos e shields";21.60;8
200308;"Módulo Potenciômetro Digital 10K X9C103S *200308";Módulos;Conversores de Sinal e Nível Lógico;;B3;"";"";24.80;19
200309;"Modulo gerador de corrente 4-20ma *200309";Módulos;Conversores de Sinal e Nível Lógico;;B3;"";"";89.00;0
200310;"Modulo conversor 0-5v pra 0-10v *200310";Módulos;Conversores de Sinal e Nível Lógico;;B3;"";"";99.00;2
200311;"Gerador de Sinal PWM XY-PWM1 com Display LCD de 1Hz-150Khz *200311";Módulos;Conversores de Sinal e Nível Lógico;;B3;"";"";69.00;11
200312;"MÓDULO AMPLIFICADOR  DE SINAL LM358 GANHO DE ATÉ 100X";Módulos;Conversores de Sinal e Nível Lógico;;B3;"";"2 - Módulos e shields";11.00;1
200313;"MÓDULO RECEPTOR INFRAVERMELHO KY-022";Módulos;Áudio, Teclados e Controles;;B7;"";"2 - Módulos e shields";4.90;34
200314;"MÓDULO EMISSOR INFRAVERMELHO KY-005";Módulos;Áudio, Teclados e Controles;;B7;"";"2 - Módulos e shields";7.00;38
200315;"LED EMISSOR INFRAVERMELHO 5mm";Componentes Eletrônicos;LEDs e Suportes;;I5;"";"";;100
200316;"CONVERSOR CORRENTE PARA TENSÂO 4-20MA PARA 0-10V";Módulos;Conversores de Sinal e Nível Lógico;;B3;"";"";;16
200317;"Gerador de pulso para motor de passo";Motores, Drivers e Robótica;Drivers para Motor de Passo;;G2;"";"";39.90;10
200501;"MÓDULO CONVERSOR TENSÃO 0-5V 0-10V PARA PWM MACH3";CNC, Laser e Impressão 3D;Controladoras e Eletrônica CNC;;H4;"";"2 - Módulos e shields";17.60;9
200502;"MÓDULO CONVERSOR PWM PARA TENSÃO 0-10V MACH3";CNC, Laser e Impressão 3D;Controladoras e Eletrônica CNC;;H4;"";"2 - Módulos e shields";19.20;0
200506;"MODULO PWM MOSFET IRF520 KEYES";Módulos;Relés, MOSFET e Potência;;B1;"";"2 - Módulos e shields";6.50;18
200507;"MÓDULO PWM PCA9685 I2C 16 CANAIS PARA SERVO MOTOR";Motores, Drivers e Robótica;Servos, Brushless e Aeromodelismo;;G4;"";"2 - Módulos e shields";45.00;0
200509;"MODULO RS485 CAN BUS HAT PARA RASPBERRY PI";Módulos;Comunicação Serial, CAN e Ethernet;;B2;"";"2 - Módulos e shields";148.00;0
200510;"MODULO CAN BUS COM 2 CANAIS ISOLADOS HAT PARA RASPBERRY PI";Módulos;Comunicação Serial, CAN e Ethernet;;B2;"";"2 - Módulos e shields";362.00;0
200511;"MÓDULO CAN BUS MCP2515 TJA1050 COM INTERFACE SPI";Módulos;Comunicação Serial, CAN e Ethernet;;B2;"";"2 - Módulos e shields";24.00;11
200513;"MÓDULO CAN BUS TJA1051";Módulos;Comunicação Serial, CAN e Ethernet;;B2;"";"";;8
200514;"MÓDULO CAN BUS TJA1050";Módulos;Comunicação Serial, CAN e Ethernet;;B2;"";"";35.00;15
200515;"Modulo conversor ttl para rs485 xy-485";Módulos;Comunicação Serial, CAN e Ethernet;;B2;"";"";25.00;10
200516;"MODULO RS485 2 CANAIS ISOLADOS HAT PARA RASPBERRY PI";Módulos;Comunicação Serial, CAN e Ethernet;;B2;"";"2 - Módulos e shields";246.00;0
200517;"CONVERSOR RS485 PARA ETHERNET TCP/IP USR-TCP232-304 COM FONTE";Módulos;Comunicação Serial, CAN e Ethernet;;B2;"";"Conversores";278.90;0
200518;"MINI MÓDULO CONTROLADOR PWM 4,5 ˜ 35V 5A PN35";Motores, Drivers e Robótica;Drivers e Controladores de Motor DC;;G5;"";"";11.90;4
200519;"MINI FONTE HI-LINK SAIDA 24VDC";Energia e Alimentação;Fontes Chaveadas;;F1;"";"";48.90;5
200601;"Modulo Dimmer 2000W  AC 2KW 16A  *200601";Módulos;Relés, MOSFET e Potência;;B1;"";"";24.90;16
200602;"DIMMER CONTROLADOR AC MOTOR LÂMPADA RESISTÊNCIA 220V 10000W";Módulos;Relés, MOSFET e Potência;;B1;"";"Módulos";149.00;1
201203;"Suporte do Laser em Alumino *201203*";CNC, Laser e Impressão 3D;Laser: Módulos e Peças;;H7;"";"";198.90;0
210103;"VOLTÍMETRO AMPERÍMETRO DIGITAL DC 100V 10A PARA PAINEL";Energia e Alimentação;Voltímetros, Medidores e Testadores;;F5;"";"Módulos";43.00;83
210104;"VOLTÍMETRO DIGITAL 3 DÍGITOS 4.5V A 30VDC VERMELHO";Energia e Alimentação;Voltímetros, Medidores e Testadores;;F5;"";"Módulos";24.00;15
210105;"TESTADOR USB COM VOLTÍMETRO E AMPERÍMETRO 13 EM 1";Energia e Alimentação;Voltímetros, Medidores e Testadores;;F5;"";"Módulos";95.00;1
210106;"Medidor De Tensão E Corrente 6x1 Ac 100a  80-260 Painel *210106";Energia e Alimentação;Voltímetros, Medidores e Testadores;;F5;"";"";153.00;0
210107;"MEDIDOR DE ENERGIA AC VOLTÍMETRO AMPERÍMETRO 260VAC 100A";Energia e Alimentação;Voltímetros, Medidores e Testadores;;F5;"";"Módulos";89.00;0
220101;"FONTE CHAVEADA 9V 1A BIVOLT PLUG P4 PARA ARDUINO";Energia e Alimentação;Fontes Chaveadas;;F1;"";"Fontes";18.40;17
220105;"Modulo BMS 7S 20A 24V";Energia e Alimentação;Baterias, Carregadores e BMS;;F3;"";"";;5
220203;"FONTE CHAVEADA 12V 5A RMS 60W BIVOLT ANDELI COM PLUG P4";Energia e Alimentação;Fontes Chaveadas;;F1;"";"Fontes";48.00;8
220204;"FONTE CHAVEADA 12V 6A RMS 72W BIVOLT ANDELI COM PLUG P4";Energia e Alimentação;Fontes Chaveadas;;F1;"";"Fontes";55.00;12
220205;"FONTE CHAVEADA 12V 10A RMS 120W BIVOLT ANDELI COM PLUG P4";Energia e Alimentação;Fontes Chaveadas;;F1;"";"Fontes";93.00;13
220206;"FONTE CHAVEADA 12V 29A RMS 350W ANDELI";Energia e Alimentação;Fontes Chaveadas;;F1;"";"Fontes";110.00;10
220207;"FONTE POE 12V 1A BIVOLT";Energia e Alimentação;Fontes Chaveadas;;F1;"";"Fontes";52.00;9
220208;"FONTE CHAVEADA 5V 1A BIVOLT PLUG P4";Energia e Alimentação;Fontes Chaveadas;;F1;"";"Fontes";24.90;7
220301;"FONTE CHAVEADA 24V 10,4A 250W RMS ANDELI";Energia e Alimentação;Fontes Chaveadas;;F1;"";"Fontes";143.00;7
220302;"OBSOLETO-Fonte Chaveada 24v 20a 480w Ideal Para Cnc Shield    *220302";NÃO PUBLICAR;Obsoleto, uso interno ou teste;;X0;"";"";260.00;0
220303;"FONTE CHAVEADA 12V 10A RMS 120W ANDELI";Energia e Alimentação;Fontes Chaveadas;;F1;"";"Fontes";98.00;8
220304;"FONTE CHAVEADA 5V 5A 25W BIVOLT";Energia e Alimentação;Fontes Chaveadas;;F1;"";"Fontes";85.00;5
220306;"FONTE CHAVEADA 24V 20,8A RMS 500W ANDELI";Energia e Alimentação;Fontes Chaveadas;;F1;"";"Fontes";322.00;0
220310;"FONTE CHAVEADA 24V 12.5A RMS 300W ANDELI";Energia e Alimentação;Fontes Chaveadas;;F1;"";"Fontes";150.50;7
220402;"fonte chaveada 48v 500w 10a andeli spindle cnc *220402";Energia e Alimentação;Fontes Chaveadas;;F1;"";"";299.00;0
220403;"FONTE CHAVEADA 48V 7,3A RMS 350W ANDELI";Energia e Alimentação;Fontes Chaveadas;;F1;"";"Fontes";180.00;9
220504_z;"Conversor de tensão 24V para 5V *220504";Energia e Alimentação;Conversores DC-DC Step Up e Step Down;;F2;"";"";25.00;19
220505;"MINI FONTE HI-LINK SAIDA 5VDC 3W 0.6A ENTRADA 100-240VAC";Energia e Alimentação;Fontes Chaveadas;;F1;"";"Fontes";34.90;20
220506;"MINI FONTE HI-LINK SAIDA 3.3VDC 3W 1A ENTRADA 100-240VAC";Energia e Alimentação;Fontes Chaveadas;;F1;"";"Fontes";34.90;21
220507;"MINI FONTE HI-LINK SAIDA 12VDC 3W 0.25A ENTRADA 100-240VAC";Energia e Alimentação;Fontes Chaveadas;;F1;"";"Fontes";34.90;6
220602;"BATERIA CR1220 3V PARA DATALOGGER RTC";Energia e Alimentação;Baterias, Carregadores e BMS;;F3;"";"Baterias e Acessórios";3.70;43
220603;"BATERIA LR44 1,5V ALCALINA";Energia e Alimentação;Baterias, Carregadores e BMS;;F3;"";"Baterias e Acessórios";1.60;2
220604;"BATERIA CR2032 3V PARA DATALOGGER RTC";Energia e Alimentação;Baterias, Carregadores e BMS;;F3;"";"Baterias e Acessórios";3.00;22
220607_z;"Bateria CR2016 3v Controle *220607";Energia e Alimentação;Baterias, Carregadores e BMS;;F3;"";"";3.19;114
220608;"BATERIA 18650 LITIO LI-ION RECARREGÁVEL 3.7V 2550MAH EVE";Energia e Alimentação;Baterias, Carregadores e BMS;;F3;"";"Baterias e Acessórios";34.90;34
220609;"bateria 9V alcalina";Energia e Alimentação;Baterias, Carregadores e BMS;;F3;"";"";19.70;1
220702;"MÓDULO CARREGADOR SOLAR CN3065 PARA BATERIA LIPO";Energia e Alimentação;Baterias, Carregadores e BMS;;F3;"";"2 - Módulos e shields";14.90;0
220705;"Carregador bateria TP4056 para 18650 micro USB *220705";Energia e Alimentação;Baterias, Carregadores e BMS;;F3;"";"";7.50;14
220706;"Carregador bateria shield keyestudio *220706";Energia e Alimentação;Baterias, Carregadores e BMS;;F3;"";"";;4
220708;"LiitoKala Lii-M4S 18650";Energia e Alimentação;Baterias, Carregadores e BMS;;F3;"";"";;3
220801;"PLACA PAINEL CÉLULA SOLAR FOTOVOLTAICA 6V 1W 110X60MM";Energia e Alimentação;Baterias, Carregadores e BMS;;F3;"";"5 - Acessórios";28.90;10
220901;"Fonte chaveada 7,5v 1A Plug P4 *220901";Energia e Alimentação;Fontes Chaveadas;;F1;"";"";22.00;0
221001;"OBSOLETO-Fonte Chaveada 72V 13A entrada 220V *221001";NÃO PUBLICAR;Obsoleto, uso interno ou teste;;X0;"";"";475.20;0
221101;"PLACA BMS 3S 10A 12,6V PROTEÇÃO PARA BATERIA LÍTIO";Energia e Alimentação;Baterias, Carregadores e BMS;;F3;"";"Baterias e Acessórios";16.00;17
221102;"PLACA BMS 1S 10A 4,2V PROTEÇÃO PARA BATERIA LÍTIO";Energia e Alimentação;Baterias, Carregadores e BMS;;F3;"";"Baterias e Acessórios";12.00;6
221103;"PLACA BMS 2S 3A 8,4V PROTEÇÃO PARA BATERIA LÍTIO";Energia e Alimentação;Baterias, Carregadores e BMS;;F3;"";"Baterias e Acessórios";10.00;2
221104;"PLACA BMS 4S 40A 16,8V BALANCEAMENTO PROTEÇÃO BATERIA LÍTIO";Energia e Alimentação;Baterias, Carregadores e BMS;;F3;"";"Baterias e Acessórios";25.90;20
221105;"PLACA BMS 3S 40A";Energia e Alimentação;Baterias, Carregadores e BMS;;F3;"";"";40.00;10
229901;"CASE PARA BATERIA 9V COM CHAVE";Energia e Alimentação;Suportes de Pilha e Acessórios de Bateria;;F4;"";"Baterias e Acessórios";5.60;22
229902;"PLUG PARA BATERIA 9V TIPO CLIP COM CONECTOR P4 PARA ARDUINO";Energia e Alimentação;Suportes de Pilha e Acessórios de Bateria;;F4;"";"Conectores e Bornes";1.90;41
229903;"Suporte pack duplo para 2 baterias 18650";Energia e Alimentação;Suportes de Pilha e Acessórios de Bateria;;F4;"";"";1.50;59
229904;"SUPORTE MONTÁVEL MODULAR PARA PACK DE BATERIAS 18650";Energia e Alimentação;Suportes de Pilha e Acessórios de Bateria;;F4;"";"Baterias e Acessórios";1.00;119
229905;"SUPORTE PARA PACK DE BATERIAS DE LÍTIO 18650 3X4 4S3P";Energia e Alimentação;Suportes de Pilha e Acessórios de Bateria;;F4;"";"";15.00;10
229906;"PLUG PARA BATERIA 9V TIPO CLIP";Energia e Alimentação;Suportes de Pilha e Acessórios de Bateria;;F4;"";"";4.30;15
229907;"SUPORTE PARA BATERIA CR2025 2032 COM CHAVE E RABICHO";Energia e Alimentação;Suportes de Pilha e Acessórios de Bateria;;F4;"";"";3.90;15
229908;"PLUG PARA BATERIA 9V TIPO CLIP rigido";Energia e Alimentação;Suportes de Pilha e Acessórios de Bateria;;F4;"";"";3.00;100
230201;"KIT MOTOR DC 3-6V COM REDUÇÃO E RODA 65MM";Motores, Drivers e Robótica;Chassis, Rodas e Partes Robóticas;;G7;"";"Motores";12.80;45
230203;"Motor dc 12v com redução 30RPM JGA25-370 *230203";Motores, Drivers e Robótica;Motores DC e Caixas de Redução;;G3;"";"";68.00;0
230205_z;"Motor dc 12v com redução 300RPM JGA25-370 *230205";Motores, Drivers e Robótica;Motores DC e Caixas de Redução;;G3;"";"";77.00;0
230206;"MICRO MOTOR DC COM CAIXA DE REDUÇÃO 24VDC 35RPM  5.5KGF.CM";Motores, Drivers e Robótica;Motores DC e Caixas de Redução;;G3;"";"Motores";178.00;46
230208;"Motor DC  3-6v Com Caixa de Redução Sem Roda";Motores, Drivers e Robótica;Motores DC e Caixas de Redução;;G3;"";"";9.90;0
230209;"Mini Motor Dc 3 A 6v Para Robótica Arduino";Motores, Drivers e Robótica;Motores DC e Caixas de Redução;;G3;"";"";5.90;4
230210;"Mini Motor Dc 1 A 3v Para Robótica Arduino";Motores, Drivers e Robótica;Motores DC e Caixas de Redução;;G3;"";"";2.90;30
230301;"DRIVER MOTOR PONTE H DUPLA L298 MOTOR PASSO OU DC";Motores, Drivers e Robótica;Drivers e Controladores de Motor DC;;G5;"";"Driver";15.90;9
230302;"Ponte H Monster simples Vnh2sp30 30a 16V  (Vnh3asp30) *230302";Motores, Drivers e Robótica;Drivers e Controladores de Motor DC;;G5;"";"";;4
230303;"Ponte H Monster dupla Vnh3asp30 30a 16V *230303";Motores, Drivers e Robótica;Drivers e Controladores de Motor DC;;G5;"";"";;3
230304;"MÓDULO DRIVER PONTE H 43A BTS7960B PARA MOTOR DC";Motores, Drivers e Robótica;Drivers e Controladores de Motor DC;;G5;"";"2 - Módulos e shields";99.00;34
231001;"Suporte em L motor DC JGA25-370  *231001";Motores, Drivers e Robótica;Motores DC e Caixas de Redução;;G3;"";"";15.00;7
239901;"KIT CHASSI ROBÔ 2WD COM 2 RODAS EM ACRÍLICO";Motores, Drivers e Robótica;Chassis, Rodas e Partes Robóticas;;G7;"";"Carros Robóticos";46.40;18
239903;"KIT CHASSI ROBÔ 2WD REDONDO COM 2 RODAS EM ACRÍLICO";Motores, Drivers e Robótica;Chassis, Rodas e Partes Robóticas;;G7;"";"";138.00;0
239904;"DISCO ENCODER 20DENTES PARA PROJETOS COM CARRINHOS ROBÓTICOS";Motores, Drivers e Robótica;Chassis, Rodas e Partes Robóticas;;G7;"";"Carros Robóticos";1.20;12
239905;"MÓDULO DO SENSOR DE VELOCIDADE";Motores, Drivers e Robótica;Chassis, Rodas e Partes Robóticas;;G7;"";"";;10
239906;"MÓDULO LEITOR BIOMÉTRICO DY50";Módulos;RFID e Biometria;;B5;"";"";;5
241001;"Filtro de linha monofásico 20A CW4L2-20A para laser *241001";CNC, Laser e Impressão 3D;Laser: Módulos e Peças;;H7;"";"";;3
241002;"Radiador para laser 240mm *241002";CNC, Laser e Impressão 3D;Laser: Módulos e Peças;;H7;"";"";;0
241003;"Filtro de ferrite 5mm  *241003";Componentes Eletrônicos;Fusíveis, Filtros e Proteção;;I7;"";"";7.20;42
241004;"Filtro de ferrite 9mm  *241004";Componentes Eletrônicos;Fusíveis, Filtros e Proteção;;I7;"";"";;6
244210;"Sensor de Nível de Água - T1592";Sensores;Fluxo, Nível, Chuva e Solo;;C6;"";"";12.00;2
258199;"Modulo Conversor de Corrente para Tensão 4mA a 20mA para 0 a 3.3v, 0 a 5v ou 0 a 10v";Módulos;Conversores de Sinal e Nível Lógico;;B3;"";"";29.90;0
260101;"PLACA STM32 MAPLE MINI ARM CORTEX M3 STM32F103CBT6 32BITS";Placas e Embarcados;STM32 e Outras Placas;;A4;"";"1 - Placas Embarcados";49.90;35
260102;"Placa STM8 stm8s103f3p6  *260102";Placas e Embarcados;STM32 e Outras Placas;;A4;"";"";25.00;27
260103;"PLACA STM32 ARM CORTEX M3 STM32F103C8T6 BLUEPILL";Placas e Embarcados;STM32 e Outras Placas;;A4;"";"1 - Placas Embarcados";28.90;22
260104;"PLACA BORNE INTERFACE PARA STM32 BLUEPILL";Placas e Embarcados;Shields e Placas de Interface;;A5;"";"2 - Módulos e shields";38.00;17
260106;"PLACA STM32 ARM CORTEX M4 NÚCLEO F446RE STM32F446RE";Placas e Embarcados;STM32 e Outras Placas;;A4;"";"1 - Placas Embarcados";490.00;13
260107;"PLACA STM32 ARM CORTEX M3 STM32F103C6T6 BLUEPILL";Placas e Embarcados;STM32 e Outras Placas;;A4;"";"";53.00;9
260108;"Placa interface STM32F446RE";Placas e Embarcados;Shields e Placas de Interface;;A5;"";"";147.00;0
260109;"PLACA STM32 NUCLEO-H755ZI-Q STM32H755ZI MCU Nucleo-144";Placas e Embarcados;STM32 e Outras Placas;;A4;"";"";799.00;1
260201;"GRAVADOR PROGRAMADOR ST-LINK V2 STM8 STM32";Placas e Embarcados;Gravadores e Programadores;;A6;"";"5 - Acessórios";25.90;4
260301;"DISPLAY LCD 1.8 TFT MODULO ST7735 128X160PX";Displays e Telas;Displays LCD, OLED e TFT;;D2;"";"3 - Telas e LCD";42.90;19
270201;"GRAVADOR PROGRAMADOR DEBUGGER PARA PIC PICKIT3 USB";Placas e Embarcados;Gravadores e Programadores;;A6;"";"5 - Acessórios";150.40;0
270202;"GRAVADOR PROGRAMADOR DEBUGGER SEGGER J-LINK V9 ARM STM32";Placas e Embarcados;Gravadores e Programadores;;A6;"";"5 - Acessórios";259.00;4
280101;"Conexões rapida PC4-M6 4mm rosca M6 Mangueira nao passante *280101";Motores, Drivers e Robótica;Bombas, Válvulas e Solenoides;;G6;"";"";5.87;24
280102;"Conexões rapida PC4-01 4mm rosca 1/8 Mangueira não passante *280102";Motores, Drivers e Robótica;Bombas, Válvulas e Solenoides;;G6;"";"";5.87;28
301025;"Sensor de Luminosidade TSL2561";Sensores;Gás, Chama, Som, Luz e Cor;;C5;"";"";79.00;1
600201_z;"Parafuso com manopla de aperto m3x8 *600201";Prototipagem e Ferramentas;Parafusos, Espaçadores e Fixação;;K4;"";"";8.00;76
600202;"Parafuso com manopla de aperto m4x8 *600202";Prototipagem e Ferramentas;Parafusos, Espaçadores e Fixação;;K4;"";"";8.00;12
600203_z;"Parafuso com manopla de aperto m5x8 *600203";Prototipagem e Ferramentas;Parafusos, Espaçadores e Fixação;;K4;"";"";8.00;26
600204;"Parafuso com corpo usinado 8mm rosca M6 50mm *600204";Prototipagem e Ferramentas;Parafusos, Espaçadores e Fixação;;K4;"";"";;10
600205;"Parafuso com corpo usinado 8mm rosca M6 45mm *600205";Prototipagem e Ferramentas;Parafusos, Espaçadores e Fixação;;K4;"";"";;7
600206;"Parafuso com corpo usinado 8mm rosca M6 40mm *600206";Prototipagem e Ferramentas;Parafusos, Espaçadores e Fixação;;K4;"";"";;10
600207;"Conjunto frame em inox maquina gravadora Ciclope *600207";CNC, Laser e Impressão 3D;Máquinas e Equipamentos;;H9;"";"";300.00;0
600208;"Conjunto peças impressas para maquina gravadora Ciclope350 *600208";CNC, Laser e Impressão 3D;Máquinas e Equipamentos;;H9;"";"";100.00;0
600210;"Mola 13x40mm *600210";Prototipagem e Ferramentas;Parafusos, Espaçadores e Fixação;;K4;"";"";5.00;0
600214;"Parafuso com manopla de aperto m5x12";Prototipagem e Ferramentas;Parafusos, Espaçadores e Fixação;;K4;"";"";;38
632581;"TERMINAL OLHAL FURO 6 - PRÉ-ISOLADO PVC - VM CABO 0,50 A 1,50MM";Conectores e Cabos;Bornes, Terminais e Emendas;;J3;"";"";0.60;1
900101;"CONECTOR METALICO MIKE GX12 PLUG MACHO E FÊMEA 4 PINOS";Conectores e Cabos;Conectores Circulares, Plugs e Jacks;;J2;"";"Conectores e Bornes";12.70;50
900106;"CONECTOR METÁLICO MIKE GX16 MACHO E FÊMEA 2 VIAS";Conectores e Cabos;Conectores Circulares, Plugs e Jacks;;J2;"";"Conectores e Bornes";17.30;24
900108;"PLUG CONECTOR METÁLICO MIKE GX16 PARA PAINEL 10 VIAS";Conectores e Cabos;Conectores Circulares, Plugs e Jacks;;J2;"";"Conectores e Bornes";17.00;54
900109;"PLUG CONECTOR METÁLICO MIKE GX16 PARA PAINEL 2 VIAS";Conectores e Cabos;Conectores Circulares, Plugs e Jacks;;J2;"";"Conectores e Bornes";12.00;113
900110;"PLUG CONECTOR METÁLICO MIKE GX16 PARA PAINEL 4 VIAS";Conectores e Cabos;Conectores Circulares, Plugs e Jacks;;J2;"";"Conectores e Bornes";13.00;52
900111;"PLUG CONECTOR METÁLICO MIKE GX16 PARA PAINEL 8 VIAS";Conectores e Cabos;Conectores Circulares, Plugs e Jacks;;J2;"";"Conectores e Bornes";15.00;285
900112;"PLUG CONECTOR METÁLICO MIKE GX16 PARA PAINEL 3 VIAS";Conectores e Cabos;Conectores Circulares, Plugs e Jacks;;J2;"";"Conectores e Bornes";13.00;45
900113;"CONECTOR METÁLICO MIKE GX16 MACHO E FÊMEA 4 VIAS";Conectores e Cabos;Conectores Circulares, Plugs e Jacks;;J2;"";"Conectores e Bornes";17.00;38
900114;"CONECTOR METÁLICO MIKE GX16 MACHO E FÊMEA 8 VIAS";Conectores e Cabos;Conectores Circulares, Plugs e Jacks;;J2;"";"Conectores e Bornes";19.00;359
900201;"BARRA DE PINOS 1X40VIAS PASSO 2,54MM 180° MACHO";Conectores e Cabos;Conectores JST, Dupont e Barras de Pinos;;J1;"";"Conectores e Bornes";1.10;831
900202;"BARRA DE PINOS 1X40VIAS PASSO 2,54MM 180° FÊMEA";Conectores e Cabos;Conectores JST, Dupont e Barras de Pinos;;J1;"";"Conectores e Bornes";1.60;0
900204;"BARRA DE PINOS FÊMEA 2,54MM 10 VIAS PINOS LONGOS 11MM";Conectores e Cabos;Conectores JST, Dupont e Barras de Pinos;;J1;"";"Conectores e Bornes";3.00;130
900205;"BARRA DE PINOS FÊMEA 2,54MM 6 VIAS PINOS LONGOS 11MM";Conectores e Cabos;Conectores JST, Dupont e Barras de Pinos;;J1;"";"Conectores e Bornes";1.80;140
900206;"BARRA DE PINOS FÊMEA 2,54MM 8 VIAS PINOS LONGOS 11MM";Conectores e Cabos;Conectores JST, Dupont e Barras de Pinos;;J1;"";"Conectores e Bornes";2.50;198
900207;"BARRA DE PINOS 2X40VIAS PASSO 2,54MM 180° MACHO";Conectores e Cabos;Conectores JST, Dupont e Barras de Pinos;;J1;"";"Conectores e Bornes";2.50;193
900208_z;"Barra de pinos fêmea 6 vias  *900208";Conectores e Cabos;Conectores JST, Dupont e Barras de Pinos;;J1;"";"";2.00;300
900209;"Barra de pinos fêmea 8 vias  *900209";Conectores e Cabos;Conectores JST, Dupont e Barras de Pinos;;J1;"";"";;400
900210;"Barra de pinos fêmea 10 vias  *900210";Conectores e Cabos;Conectores JST, Dupont e Barras de Pinos;;J1;"";"";;394
900211;"Barra de pinos fêmea 15 vias  *900211";Conectores e Cabos;Conectores JST, Dupont e Barras de Pinos;;J1;"";"";2.00;200
900212;"Barra de pinos fêmea 18 vias pinos";Conectores e Cabos;Conectores JST, Dupont e Barras de Pinos;;J1;"";"";2.00;100
900213;"Barra de pinos fêmea 19 vias  *900213";Conectores e Cabos;Conectores JST, Dupont e Barras de Pinos;;J1;"";"";2.00;95
900214;"Barra de pinos fêmea 20 vias  *900214";Conectores e Cabos;Conectores JST, Dupont e Barras de Pinos;;J1;"";"";2.50;150
900215;"Barra de pinos fêmea 7 vias";Conectores e Cabos;Conectores JST, Dupont e Barras de Pinos;;J1;"";"";2.00;160
900308;"KIT CONECTOR 230 PEÇAS JST XH 2/3/4/5 VIAS + TERMINAIS";Conectores e Cabos;Conectores JST, Dupont e Barras de Pinos;;J1;"";"Conectores e Bornes";29.90;0
900309;"KIT CONECTOR 250 PEÇAS JST XH 6/7/8/9/10 VIAS + TERMINAIS";Conectores e Cabos;Conectores JST, Dupont e Barras de Pinos;;J1;"";"Conectores e Bornes";38.90;0
900310;"CABO MICRO JST PH 2 PINOS PARA CARREGADOR DE BATERIA";Conectores e Cabos;Fios, Jumpers e Cabos Diversos;;J6;"";"Cabos";1.50;52
900311;"CABO MICRO JST SH1 2 VIAS PASSO 1.25MM P/ BATERIA ESP32 LORA";Conectores e Cabos;Fios, Jumpers e Cabos Diversos;;J6;"";"Cabos";2.50;4
900312;"CONECTOR MICRO JST SH1 2 VIAS PASSO 1.25MM PARA PCB";Conectores e Cabos;Conectores JST, Dupont e Barras de Pinos;;J1;"";"Conectores e Bornes";1.90;284
900314_10;"CONECTOR JST-XH COMPLETO COM TERMINAIS Vias: 10 Vias";Conectores e Cabos;Conectores JST, Dupont e Barras de Pinos;;J1;"";"";3.00;174
900314_2;"CONECTOR JST-XH COMPLETO COM TERMINAIS Vias: 2 Vias";Conectores e Cabos;Conectores JST, Dupont e Barras de Pinos;;J1;"";"";1.90;187
900314_3;"CONECTOR JST-XH COMPLETO COM TERMINAIS Vias: 3 Vias";Conectores e Cabos;Conectores JST, Dupont e Barras de Pinos;;J1;"";"Conectores e Bornes";2.00;86
900314_4;"CONECTOR JST-XH COMPLETO COM TERMINAIS Vias: 4 Vias";Conectores e Cabos;Conectores JST, Dupont e Barras de Pinos;;J1;"";"Conectores e Bornes";2.10;88
900314_5;"CONECTOR JST-XH COMPLETO COM TERMINAIS Vias: 5 Vias";Conectores e Cabos;Conectores JST, Dupont e Barras de Pinos;;J1;"";"";2.30;80
900314_6;"CONECTOR JST-XH COMPLETO COM TERMINAIS Vias: 6 Vias";Conectores e Cabos;Conectores JST, Dupont e Barras de Pinos;;J1;"";"";2.40;200
900314_7;"CONECTOR JST-XH COMPLETO COM TERMINAIS Vias: 7 Vias";Conectores e Cabos;Conectores JST, Dupont e Barras de Pinos;;J1;"";"";2.50;200
900314_8;"CONECTOR JST-XH COMPLETO COM TERMINAIS Vias: 8 Vias";Conectores e Cabos;Conectores JST, Dupont e Barras de Pinos;;J1;"";"";2.60;100
900314_9;"CONECTOR JST-XH COMPLETO COM TERMINAIS Vias: 9 Vias";Conectores e Cabos;Conectores JST, Dupont e Barras de Pinos;;J1;"";"";2.90;139
900315;"CONECTOR JST-XH COMPLETO COM TERMINAIS 2 VIAS";Conectores e Cabos;Conectores JST, Dupont e Barras de Pinos;;J1;"";"Conectores e Bornes";1.80;0
900316;"CONECTOR JST-XH COMPLETO COM TERMINAIS 5 VIAS";Conectores e Cabos;Conectores JST, Dupont e Barras de Pinos;;J1;"";"Conectores e Bornes";2.30;0
900317;"CONECTOR JST-XH COMPLETO COM TERMINAIS 7 VIAS";Conectores e Cabos;Conectores JST, Dupont e Barras de Pinos;;J1;"";"Conectores e Bornes";2.20;5
900403;"CONECTOR DUPONT 1 VIA COM TERMINAIS FÊMEA";Conectores e Cabos;Conectores JST, Dupont e Barras de Pinos;;J1;"";"Conectores e Bornes";0.40;5
900404;"CONECTOR DUPONT 1 VIA COM TERMINAIS MACHO";Conectores e Cabos;Conectores JST, Dupont e Barras de Pinos;;J1;"";"Conectores e Bornes";0.40;200
900406_2;"CONECTOR DUPONT FÊMEA COM TERMINAIS VIAS: 2 VIAS";Conectores e Cabos;Conectores JST, Dupont e Barras de Pinos;;J1;"";"";1.90;255
900406_3;"CONECTOR DUPONT FÊMEA COM TERMINAIS VIAS: 3 VIAS";Conectores e Cabos;Conectores JST, Dupont e Barras de Pinos;;J1;"";"";1.90;364
900406_4;"CONECTOR DUPONT FÊMEA COM TERMINAIS VIAS: 4 VIAS";Conectores e Cabos;Conectores JST, Dupont e Barras de Pinos;;J1;"";"";2.00;520
900407;"KIT CONECTOR  DUPONT 620 PEÇAS COM TERMINIAS + CASE";Conectores e Cabos;Conectores JST, Dupont e Barras de Pinos;;J1;"";"Conectores e Bornes";61.90;16
900408;"CONECTOR DUPONT 10 VIAS 2,54MM COM TERMINAIS FÊMEA";Conectores e Cabos;Conectores JST, Dupont e Barras de Pinos;;J1;"";"Conectores e Bornes";2.50;30
900501;"MINI JUMPER 2.54 PRETO PARA PLACA MÃE";Conectores e Cabos;Conectores JST, Dupont e Barras de Pinos;;J1;"";"Conectores e Bornes";0.80;24
900601;"ADAPTADOR PLUG RJ45 CAT6 FÊMEA/FÊMEA PARA PAINEL";Conectores e Cabos;Conectores DB, RJ45, HDMI e Adaptadores;;J4;"";"Conectores e Bornes";28.50;5
900701;"PLUG JACK P4 MACHO COM PARAFUSO BORNE";Conectores e Cabos;Conectores Circulares, Plugs e Jacks;;J2;"";"Conectores e Bornes";1.60;75
900702;"PLUG JACK P4 FÊMEA COM PARAFUSO BORNE";Conectores e Cabos;Conectores Circulares, Plugs e Jacks;;J2;"";"Conectores e Bornes";3.10;109
900703;"PLUG JACK P4 MACHO SOLDAVEL COM RABICHO";Conectores e Cabos;Conectores Circulares, Plugs e Jacks;;J2;"";"Conectores e Bornes";1.00;273
900704;"PLUG JACK P4 FEMEA SOLDAVEL PARA PAINEL";Conectores e Cabos;Conectores Circulares, Plugs e Jacks;;J2;"";"Conectores e Bornes";2.50;44
900705;"PLUG CONECTOR P4 5.5MM X 2.1MM BORDA METALICA";Conectores e Cabos;Conectores Circulares, Plugs e Jacks;;J2;"";"Conectores e Bornes";1.20;0
900706_4h;"Plug conector jack P4 femea 5.5x2.1mm  para PCB *900706";Conectores e Cabos;Conectores Circulares, Plugs e Jacks;;J2;"";"";2.00;39
900707;"conector plug para pino banana fêmea vermelho";Conectores e Cabos;Conectores Circulares, Plugs e Jacks;;J2;"";"";4.90;15
900708;"conector plug para pino banana fêmea preto";Conectores e Cabos;Conectores Circulares, Plugs e Jacks;;J2;"";"";4.90;15
900801;"CONECTOR XT60 MACHO E FÊMEA PARA BATERIA MODELISMO";Conectores e Cabos;Conectores Circulares, Plugs e Jacks;;J2;"";"Conectores e Bornes";5.50;221
900901;"CONECTOR BORNE 2 PINOS KF350 PASSO 3,5MM VERDE";Conectores e Cabos;Bornes, Terminais e Emendas;;J3;"";"Conectores e Bornes";1.30;1200
900902;"CONECTOR BORNE 3 PINOS KF350 PASSO 3,5MM VERDE";Conectores e Cabos;Bornes, Terminais e Emendas;;J3;"";"Conectores e Bornes";1.50;470
900903_z;"Conector KF301 KRE 5mm 2Pinos *900903";Conectores e Cabos;Bornes, Terminais e Emendas;;J3;"";"";1.57;324
900904_z;"Conector KF301 KRE 5mm 3Pinos *900904";Conectores e Cabos;Bornes, Terminais e Emendas;;J3;"";"";1.67;284
900905;"Terminal femea sem trava para bateria *900905";Energia e Alimentação;Suportes de Pilha e Acessórios de Bateria;;F4;"";"";1.00;50
900906;"Capa plástica branca para terminal femea sem trava para bateria *900906";Energia e Alimentação;Suportes de Pilha e Acessórios de Bateria;;F4;"";"";0.70;50
900907;"NÍQUEL PARA SOLDAR BATERIAS 18650 0,1X5MM TIRA COM 100MM";Energia e Alimentação;Suportes de Pilha e Acessórios de Bateria;;F4;"";"Baterias e Acessórios";1.50;60
900908;"NÍQUEL PARA SOLDAR BATERIAS 18650 0,15X8MM TIRA COM 100MM";Energia e Alimentação;Suportes de Pilha e Acessórios de Bateria;;F4;"";"Baterias e Acessórios";2.30;90
900911;"FITA NÍQUEL DUPLA PARA SOLDAR BATERIAS 18650 0,12X27MM 1MT";Energia e Alimentação;Suportes de Pilha e Acessórios de Bateria;;F4;"";"Baterias e Acessórios";22.00;9
901001;"SUPORTE PARA PLACA DE CIRCUITO IMPRESSO TRILHO DIN - 1PAR";Automação Industrial;Bornes, Trilho DIN e Quadros;;E5;"";"Geral";15.90;298
901101;"KIT 700 TERMINAIS TUBULAR ILHOS";Conectores e Cabos;Bornes, Terminais e Emendas;;J3;"";"Conectores e Bornes";56.00;5
901201;"CONECTOR DB25 FÊMEA PAINEL PARA CABO FLAT";Conectores e Cabos;Conectores DB, RJ45, HDMI e Adaptadores;;J4;"";"Conectores e Bornes";14.50;11
901202;"CONECTOR DB25 MACHO PAINEL PARA CABO FLAT";Conectores e Cabos;Conectores DB, RJ45, HDMI e Adaptadores;;J4;"";"Conectores e Bornes";14.50;16
901203;"Conector DB9 fêmea com capa";Conectores e Cabos;Conectores DB, RJ45, HDMI e Adaptadores;;J4;"";"";8.00;19
901301;"CONECTOR JST PH 2MM 6 PINOS COMPLETO";Conectores e Cabos;Conectores JST, Dupont e Barras de Pinos;;J1;"";"Conectores e Bornes";2.00;0
901302;"CONECTOR 4 PINOS COMPLETO PH 2MM";Conectores e Cabos;Conectores JST, Dupont e Barras de Pinos;;J1;"";"";;48
901303;"CONECTOR JST PH 2MM 10 PINOS COMPLETO";Conectores e Cabos;Conectores JST, Dupont e Barras de Pinos;;J1;"";"Conectores e Bornes";3.50;8
901501;"Conector 10 vias molex 52610-1090 para flat tela nextion enhaced *901501";Displays e Telas;Telas Nextion;;D1;"";"";14.90;9
901601;"CABO PIGTAIL U.FL IPEX IPX COM CONECTOR SMA 15CM";Módulos;Wireless, IoT e Antenas;;B4;"";"Antenas";5.90;0
901602;"PLUG CONECTOR SMA MACHO PARA CABO RG-58";Módulos;Wireless, IoT e Antenas;;B4;"";"Antenas";3.20;1
901603;"PLUG CONECTOR SMA FEMEA ROSCA EXTERNA PARA CABO RG-58";Módulos;Wireless, IoT e Antenas;;B4;"";"Antenas";3.20;2
901604;"ANTENA WIFI 2.4GHZ 3DBI CABO 15CM PARA ESP32 ESP8266 ESP-07";Módulos;Wireless, IoT e Antenas;;B4;"";"Antenas";19.90;8
901701;"PLUG JACK P10 J10 ESTEREO FEMEA PARA PAINEL PCB";Conectores e Cabos;Conectores Circulares, Plugs e Jacks;;J2;"";"Conectores e Bornes";2.50;2
901702;"PLUG JACK P10 ESTEREO MACHO METALICO";Conectores e Cabos;Conectores Circulares, Plugs e Jacks;;J2;"";"Conectores e Bornes";8.80;18
901703;"PLUG P10 ESTEREO MACHO PLASTICO PRETO";Conectores e Cabos;Conectores Circulares, Plugs e Jacks;;J2;"";"Conectores e Bornes";3.90;37
901704;"PLUG P10 J10 ESTÉREO FÊMEA PARA PAINEL";Conectores e Cabos;Conectores Circulares, Plugs e Jacks;;J2;"";"Conectores e Bornes";3.20;0
901801;"PLUG CANON XLR PAINEL FÊMEA 4 VIAS PARA PAINEL";Conectores e Cabos;Conectores Circulares, Plugs e Jacks;;J2;"";"Conectores e Bornes";29.90;2
901802;"Plug Canon painel macho 04 vias *901802";Conectores e Cabos;Conectores Circulares, Plugs e Jacks;;J2;"";"";10.00;9
901901;"ESPAÇADOR ISOLADOR PARA PCB PORCA PARAFUSO NYLON M3 180 PÇS";Prototipagem e Ferramentas;Parafusos, Espaçadores e Fixação;;K4;"";"Hardware";51.90;0
902101;"KIT 280 CONECTORES TERMINAIS DIVERSOS TAMANHOS COM CASE";Conectores e Cabos;Bornes, Terminais e Emendas;;J3;"";"Conectores e Bornes";94.00;0
902201;"Conector borne BR7 2 vias macho e femea *902201";Conectores e Cabos;Bornes, Terminais e Emendas;;J3;"";"";;50
902202;"Conector borne BR7 2 vias macho e femea 90 graus";Conectores e Cabos;Bornes, Terminais e Emendas;;J3;"";"";;0
902301_z;"Conector banana 3,5mm para RC LIPO Motor banhado a ouro *902301";Conectores e Cabos;Conectores Circulares, Plugs e Jacks;;J2;"";"";2.90;19
902401;"KIT CONECTOR EMENDA 2,3,5 VIAS PARA FIOS COM 60 PEÇAS";Conectores e Cabos;Bornes, Terminais e Emendas;;J3;"";"Conectores e Bornes";119.00;7
902403;"CONECTOR EMENDA 3 VIAS PARA FIOS ENGATE RÁPIDO";Conectores e Cabos;Bornes, Terminais e Emendas;;J3;"";"Conectores e Bornes";2.50;51
902404;"CONECTOR EMENDA 5 VIAS PARA FIOS ENGATE RÁPIDO";Conectores e Cabos;Bornes, Terminais e Emendas;;J3;"";"Conectores e Bornes";5.90;95
910102;"MÓDULO JOYSTICK 3 EIXOS XYZ COM CHAVE";Módulos;Áudio, Teclados e Controles;;B7;"";"2 - Módulos e shields";9.90;40
910103;"JOYSTICK SHIELD PARA ARDUINO";Módulos;Áudio, Teclados e Controles;;B7;"";"";;5
910201;"CHAVE GANGORRA 2 POSIÇÕES 6A/250V REDONDA PRETO";Componentes Eletrônicos;Chaves, Botões e Interruptores;;I8;"";"Chaves e Botões";1.80;76
910202;"CHAVE GANGORRA 2 POSIÇÕES KCD1-101 6A/250V RETANGULAR PRETO";Componentes Eletrônicos;Chaves, Botões e Interruptores;;I8;"";"Chaves e Botões";3.70;120
910203;"TOMADA PAINEL COM CHAVE ILUMINADA E PORTA FUSÍVEL 10A";Componentes Eletrônicos;Chaves, Botões e Interruptores;;I8;"";"Geral";25.50;9
910204;"CHAVE 3 TERMINAIS MINI SWITCH SPDT";Componentes Eletrônicos;Chaves, Botões e Interruptores;;I8;"";"Chaves e Botões";2.10;75
910207;"CHAVE MICRO CHAVE SELETORA 2 POSIÇÕES 6 PINOS PCB";Componentes Eletrônicos;Chaves, Botões e Interruptores;;I8;"";"Chaves e Botões";1.00;130
910209;"CHAVE SECCIONADORA 3 PÓLOS 20A MONTAGEM PAINEL METALTEX *910209";Automação Industrial;Botões, Chaves e Sinalização de Painel;;E2;"";"";67.90;0
910210;"INTERRUPTOR CHAVE LIGA DESLIGA PRETO TIPO ABAJUR";Componentes Eletrônicos;Chaves, Botões e Interruptores;;I8;"";"Chaves e Botões";10.00;33
910211_z;"Micro Chave Kcd1-101 On Off Mini 2 Pinos 10X15mm 3A *910211";Componentes Eletrônicos;Chaves, Botões e Interruptores;;I8;"";"";2.00;82
910212;"TOMADA PAINEL 250V 10A 3 PINOS MODELO C14";Componentes Eletrônicos;Chaves, Botões e Interruptores;;I8;"";"Geral";5.20;29
910214;"CHAVE ALAVANCA 2 POSICOES 3 POLOS ON/OFF *910214";Componentes Eletrônicos;Chaves, Botões e Interruptores;;I8;"";"";5.00;69
910215_4h;"CHAVE ALAVANCA MTS-103 METALICA 3 POSICOES 3 POLOS *910215";Componentes Eletrônicos;Chaves, Botões e Interruptores;;I8;"";"";4.00;39
910216_4h;"CHAVE ALAVANCA MTS-203 METALICA 3 POSICOES 6 POLOS  *910216";Componentes Eletrônicos;Chaves, Botões e Interruptores;;I8;"";"";6.00;35
910217_4h;"CHAVE ALAVANCA MTS-202 METALICA 2 POSICOES 6 POLOS *910217";Componentes Eletrônicos;Chaves, Botões e Interruptores;;I8;"";"";6.00;46
910218;"CAPA DE PROTEÇÃO PARA CHAVE ALAVANCA METÁLICA";Componentes Eletrônicos;Chaves, Botões e Interruptores;;I8;"";"";5.00;42
910219;"INTERRUPTOR CHAVE LIGA DESLIGA PRETO TIPO ABAJUR SAIDA P4";Componentes Eletrônicos;Chaves, Botões e Interruptores;;I8;"";"Chaves e Botões";12.00;6
910220;"CHAVE GANGORRA 3 POSIÇÕES 6A/250V REDONDA PRETO";Componentes Eletrônicos;Chaves, Botões e Interruptores;;I8;"";"Chaves e Botões";4.50;1
910221_z;"Chave liga desliga 2 posições com chave *910221";Componentes Eletrônicos;Chaves, Botões e Interruptores;;I8;"";"";39.00;9
910222;"Chave Botão Quadrado Na Sem Trava Preto Pbs-12a 3a 250v";Componentes Eletrônicos;Chaves, Botões e Interruptores;;I8;"";"";;10
910301;"MODULO ENCODER ROTATIVO DE PULSO COM CHAVE HW-040";Módulos;Áudio, Teclados e Controles;;B7;"";"2 - Módulos e shields";10.90;23
910302;"MODULO ENCODER ROTATIVO DE PULSO COM CHAVE KY-040";Módulos;Áudio, Teclados e Controles;;B7;"";"";12.00;45
910401_AZ;"BOTÃO INTERRUPTOR METÁLICO DE PULSO 10MM COLORIDO Cor: Azul";Automação Industrial;Botões, Chaves e Sinalização de Painel;;E2;"";"";3.90;83
910401_BR;"BOTÃO INTERRUPTOR METÁLICO DE PULSO 10MM COLORIDO Cor: Branco";Automação Industrial;Botões, Chaves e Sinalização de Painel;;E2;"";"";3.90;92
910401_PR;"BOTÃO INTERRUPTOR METÁLICO DE PULSO 10MM COLORIDO Cor: Preto";Automação Industrial;Botões, Chaves e Sinalização de Painel;;E2;"";"";3.90;93
910401_VD;"BOTÃO INTERRUPTOR METÁLICO DE PULSO 10MM COLORIDO Cor: Verde";Automação Industrial;Botões, Chaves e Sinalização de Painel;;E2;"";"";3.90;90
910402;"CHAVE DE PULSO TÁCTIL PUSH BUTTON 6X6X5MM";Componentes Eletrônicos;Chaves, Botões e Interruptores;;I8;"";"Chaves e Botões";0.30;18
910403;"CHAVE DE PULSO TIPO PUSH BUTTON 12X12MM COM CAPA COLORIDA";Componentes Eletrônicos;Chaves, Botões e Interruptores;;I8;"";"Chaves e Botões";1.30;169
910404;"BOTÃO DE PULSO 22MM PRETO COM CONTATO NA";Automação Industrial;Botões, Chaves e Sinalização de Painel;;E2;"";"Chaves e Botões";20.00;1
910406_4h;"Botão pulso 22mm vermelho com contato NF Metaltex *910406";Automação Industrial;Botões, Chaves e Sinalização de Painel;;E2;"";"";18.00;5
910407;"Botão pulso 22mm Azul com contato NA Metaltex *910407";Automação Industrial;Botões, Chaves e Sinalização de Painel;;E2;"";"Chaves e Botões";18.00;1
910409;"Chave de pulso táctil SMD tipo Push Botton  5x5x1mm *910409";Componentes Eletrônicos;Chaves, Botões e Interruptores;;I8;"";"";;20
910410_AZ;"BOTÃO DE PULSO METÁLICO ILUMINADO 24V INOX Cor: Azul";Automação Industrial;Botões, Chaves e Sinalização de Painel;;E2;"";"";30.00;9
910410_VD;"BOTÃO DE PULSO METÁLICO ILUMINADO 24V INOX Cor: Verde";Automação Industrial;Botões, Chaves e Sinalização de Painel;;E2;"";"";30.00;5
910410_VM;"BOTÃO DE PULSO METÁLICO ILUMINADO 24V INOX Cor: Vermelho";Automação Industrial;Botões, Chaves e Sinalização de Painel;;E2;"";"";30.00;7
910411;"TAMPÃO TAPA FURO 22MM PARA PAINEL ELÉTRICO";Automação Industrial;Botões, Chaves e Sinalização de Painel;;E2;"";"Geral";10.00;9
910412_z;"Soquete para Botão metal Antivandalismo Iluminado *910412";Automação Industrial;Botões, Chaves e Sinalização de Painel;;E2;"";"";12.00;18
910414_CT;"BOTÃO METAL ANTIVANDALISMO ILUMINADO VERDE 16MM 24V SIMBOLO LIGA DESLIGA Trava: Com trava";Automação Industrial;Botões, Chaves e Sinalização de Painel;;E2;"";"";52.17;20
910414_ST;"BOTÃO METAL ANTIVANDALISMO ILUMINADO VERDE 16MM 24V SIMBOLO LIGA DESLIGA Trava: Sem trava";Automação Industrial;Botões, Chaves e Sinalização de Painel;;E2;"";"";52.17;16
910415;"BOTÃO METAL ANTIVANDALISMO ILUMINADO VERDE 16MM 12V SIMBOLO LIGA DESLIGA COM RETENCAO *910415";Automação Industrial;Botões, Chaves e Sinalização de Painel;;E2;"";"";;19
910416;"CHAVE SELETORA 2 POSIÇÕES FIXAS 22MM COM CONTATO NA";Automação Industrial;Botões, Chaves e Sinalização de Painel;;E2;"";"";32.00;0
910501;"TECLADO MEMBRANA MATRICIAL 4X4 16 TECLAS";Módulos;Áudio, Teclados e Controles;;B7;"";"Teclados";7.90;9
910502;"TECLADO MEMBRANA MATRICIAL 4X3 12 TECLAS";Módulos;Áudio, Teclados e Controles;;B7;"";"Teclados";7.90;47
910503;"TECLADO MATRICIAL RIGIDO KARET 4X4 TECLAS";Módulos;Áudio, Teclados e Controles;;B7;"";"";;7
910504;"TECLADO MATRICIAL RIGIDO KARET 4X3 TECLAS";Módulos;Áudio, Teclados e Controles;;B7;"";"";;7
910601;"BOTÃO DE EMERGÊNCIA TIPO COGUMELO COM RETENÇÃO 2NF";Automação Industrial;Botões, Chaves e Sinalização de Painel;;E2;"";"Chaves e Botões";28.80;8
910701;"CONTATO PARA BOTOEIRA NF NC ZB2";Automação Industrial;Botões, Chaves e Sinalização de Painel;;E2;"";"Chaves e Botões";6.10;55
920102;"Mosfet IRLU014PBF SMD NPN *920102";Componentes Eletrônicos;Diodos, Transistores e MOSFETs;;I3;"";"";;29
920103;"Mosfet FQD60N03 NPN 5v para 24V *920103";Componentes Eletrônicos;Diodos, Transistores e MOSFETs;;I3;"";"";;100
920104;"Mosfet IRFZ44N TO-220 *920104";Componentes Eletrônicos;Diodos, Transistores e MOSFETs;;I3;"";"";;30
920105;"Mosfet IRFZ44NS TO-263 *920105";Componentes Eletrônicos;Diodos, Transistores e MOSFETs;;I3;"";"";;80
920106;"Drive para mosfet IR2118S sop-8 SMD *920106";Componentes Eletrônicos;Circuitos Integrados, Reguladores e Soquetes;;I4;"";"";;72
920107;"Mosfet FQP30N06L";Componentes Eletrônicos;Diodos, Transistores e MOSFETs;;I3;"";"";9.00;10
920201;"BUZZER ATIVO 5V 12MM BEEP CONTINUO";Componentes Eletrônicos;Buzzers e Alto-falantes;;I6;"";"Componentes";1.20;34
920202;"BUZZER ATIVO 12V 100DB SHD4216 BEEP CONTINUO";Componentes Eletrônicos;Buzzers e Alto-falantes;;I6;"";"Componentes";12.00;0
920203;"Buzzer Contínuo Sirene Alta Sfm-20b D C 3-24v";Componentes Eletrônicos;Buzzers e Alto-falantes;;I6;"";"";8.50;35
920204;"BUZZER PASSIVO 5V 12MM BEEP CONTINUO";Componentes Eletrônicos;Buzzers e Alto-falantes;;I6;"";"";1.20;100
920301;"RESISTOR 10K 1/4W 5%";Componentes Eletrônicos;Resistores, Potenciômetros e Trimpots;;I1;"";"Componentes";0.10;872
920302;"Resistor 1M 1/4W *920302";Componentes Eletrônicos;Resistores, Potenciômetros e Trimpots;;I1;"";"";0.20;1225
920303_z;"Resistor 510R 1/4w *920303";Componentes Eletrônicos;Resistores, Potenciômetros e Trimpots;;I1;"";"";0.70;999
920304;"KIT COM 600 RESISTORES 1/4W 1% COM 30 VALORES DIFERENTES";Componentes Eletrônicos;Resistores, Potenciômetros e Trimpots;;I1;"";"Componentes";29.30;17
920305;"KIT 560X RESISTORES 56 VALORES 1/4W 5%";Componentes Eletrônicos;Resistores, Potenciômetros e Trimpots;;I1;"";"";;0
920307_z;"Trimpot vertical 10k  *920307";Componentes Eletrônicos;Resistores, Potenciômetros e Trimpots;;I1;"";"";2.00;164
920309_z;"Kit 2000 resistores SMD 0805 80 valores *920309";Componentes Eletrônicos;Resistores, Potenciômetros e Trimpots;;I1;"";"";72.30;4
920310;"Resistor 330R 1/4W 5% *920310";Componentes Eletrônicos;Resistores, Potenciômetros e Trimpots;;I1;"";"";0.20;4996
920311;"Resistor 220R 1/4W 5% *920311";Componentes Eletrônicos;Resistores, Potenciômetros e Trimpots;;I1;"";"";0.20;200
920312;"Resistor 1K 1/4W 5% *920312";Componentes Eletrônicos;Resistores, Potenciômetros e Trimpots;;I1;"";"";0.50;300
920313;"Potenciômetro linear 10K WH148";Componentes Eletrônicos;Resistores, Potenciômetros e Trimpots;;I1;"";"";4.50;45
920314;"Potenciometro multivoltas1K";Componentes Eletrônicos;Resistores, Potenciômetros e Trimpots;;I1;"";"";21.90;13
920315;"Potenciometro multivoltas10K";Componentes Eletrônicos;Resistores, Potenciômetros e Trimpots;;I1;"";"";21.90;10
920316;"contador multivoltas 10 voltas para potenciometro multivoltas";Componentes Eletrônicos;Resistores, Potenciômetros e Trimpots;;I1;"";"";;20
920318;"Resistor 68K 1/4W 5% *920318";Componentes Eletrônicos;Resistores, Potenciômetros e Trimpots;;I1;"";"";0.50;20
920319;"Resistor 200K 5% SMD 0805 *920319";Componentes Eletrônicos;Resistores, Potenciômetros e Trimpots;;I1;"";"";;100
920320;"Resistor 100R 5% SMD 0805 *920320";Componentes Eletrônicos;Resistores, Potenciômetros e Trimpots;;I1;"";"";;100
920321;"Resistor 10K 5% SMD 0805 *920321";Componentes Eletrônicos;Resistores, Potenciômetros e Trimpots;;I1;"";"";;100
920322;"Resistor 4.7R 5% SMD 0805 *920322";Componentes Eletrônicos;Resistores, Potenciômetros e Trimpots;;I1;"";"";;100
920323;"Resistor 1K 5% SMD 0805 *920323";Componentes Eletrônicos;Resistores, Potenciômetros e Trimpots;;I1;"";"";;100
920324;"POTENCIÔMETRO MULTIVOLTAS 10K WXD3-13-2W COM KNOB";Componentes Eletrônicos;Resistores, Potenciômetros e Trimpots;;I1;"";"Componentes";25.00;5
920325;"POTENCIÔMETRO 10K 22MM ROTATIVO PARA INVERSOR DE FREQUÊNCIA";Componentes Eletrônicos;Resistores, Potenciômetros e Trimpots;;I1;"";"Componentes";21.90;0
920326;"Resistor 150R 1/4W 5% *920326";Componentes Eletrônicos;Resistores, Potenciômetros e Trimpots;;I1;"";"";;5000
920327;"Resistor 560R 1/4W 5% *920327";Componentes Eletrônicos;Resistores, Potenciômetros e Trimpots;;I1;"";"";;0
920328;"Resistor 620R 1/4W 5% *920328";Componentes Eletrônicos;Resistores, Potenciômetros e Trimpots;;I1;"";"";;5000
920329;"Potenciômetro linear 200K WH148";Componentes Eletrônicos;Resistores, Potenciômetros e Trimpots;;I1;"";"";4.50;10
920401;"MICROCONTROLADOR ATMEGA328P COM BOOTLOADER PARA ARDUINO";Componentes Eletrônicos;Circuitos Integrados, Reguladores e Soquetes;;I4;"";"Componentes";34.50;11
920501;"Diodo zener 5v1 1n4733 1W *920501";Componentes Eletrônicos;Diodos, Transistores e MOSFETs;;I3;"";"";1.50;524
920502;"Kit 300 diodo zener SMD LL34 *920502";Componentes Eletrônicos;Diodos, Transistores e MOSFETs;;I3;"";"";33.00;4
920503;"Diodo retificador 1N4007";Componentes Eletrônicos;Diodos, Transistores e MOSFETs;;I3;"";"";1.00;179
920504;"Diodo ES1J SMD SMA *920504";Componentes Eletrônicos;Diodos, Transistores e MOSFETs;;I3;"";"";;120
920505_z;"Kit 200 diodos SMD 20 valores *920505";Componentes Eletrônicos;Diodos, Transistores e MOSFETs;;I3;"";"";43.00;4
920506;"Diodo zener 5v1 1n4733 LL34 SMD 1/2W *920506";Componentes Eletrônicos;Diodos, Transistores e MOSFETs;;I3;"";"";;100
920507;"DIODO RETIFICADOR RÁPIDO SCHOTTKY 30SQ045 30A 45V";Componentes Eletrônicos;Diodos, Transistores e MOSFETs;;I3;"";"Componentes";7.50;98
920508;"10A10 PTH - Diodo Retificador 10A";Componentes Eletrônicos;Diodos, Transistores e MOSFETs;;I3;"";"";3.00;28
920602;"Fusível grande 5A *920602";Componentes Eletrônicos;Fusíveis, Filtros e Proteção;;I7;"";"";2.90;45
920701;"LED VERMELHO DIFUSO 3MM";Componentes Eletrônicos;LEDs e Suportes;;I5;"";"Leds e Lampadas";0.20;75
920702;"LED AZUL DIFUSO 3MM";Componentes Eletrônicos;LEDs e Suportes;;I5;"";"Leds e Lampadas";0.20;1000
920703;"LED AMARELO DIFUSO 3MM";Componentes Eletrônicos;LEDs e Suportes;;I5;"";"Leds e Lampadas";0.20;144
920704;"LED VERDE DIFUSO 3MM";Componentes Eletrônicos;LEDs e Suportes;;I5;"";"Leds e Lampadas";0.20;61
920705;"LED RGB DE ALTO BRILHO 5MM CATODO COMUM";Componentes Eletrônicos;LEDs e Suportes;;I5;"";"Leds e Lampadas";1.00;69
920706;"LED RGB DE ALTO BRILHO 5MM ANODO COMUM";Componentes Eletrônicos;LEDs e Suportes;;I5;"";"Leds e Lampadas";1.00;135
920707;"LED BRANCO DIFUSO 3MM";Componentes Eletrônicos;LEDs e Suportes;;I5;"";"Leds e Lampadas";0.20;1070
920708;"KIT 200 LEDS 3MM E 5MM EM 5 CORES COM CAIXA ORGANIZADORA";Componentes Eletrônicos;LEDs e Suportes;;I5;"";"Leds e Lampadas";34.90;4
920711;"SOQUETE SUPORTE CROMADO PARA LED 5MM";Componentes Eletrônicos;LEDs e Suportes;;I5;"";"Leds e Lampadas";1.20;54
920712;"SOQUETE SUPORTE CROMADO PARA LED 3MM";Componentes Eletrônicos;LEDs e Suportes;;I5;"";"Leds e Lampadas";1.20;100
920713;"LED BRANCO DE ALTO BRILHO 5MM";Componentes Eletrônicos;LEDs e Suportes;;I5;"";"Leds e Lampadas";0.49;66
920714;"LED AZUL DE ALTO BRILHO 5MM";Componentes Eletrônicos;LEDs e Suportes;;I5;"";"Leds e Lampadas";0.25;1092
920715;"LED VERMELHO DE ALTO BRILHO 5MM";Componentes Eletrônicos;LEDs e Suportes;;I5;"";"Leds e Lampadas";0.25;1032
920716;"LED AMARELO DE ALTO BRILHO 5MM";Componentes Eletrônicos;LEDs e Suportes;;I5;"";"Leds e Lampadas";0.25;1062
920717;"LED VERDE DE ALTO BRILHO 5MM";Componentes Eletrônicos;LEDs e Suportes;;I5;"";"Leds e Lampadas";0.25;34
920718;"LED VERDE difuso 5MM";Componentes Eletrônicos;LEDs e Suportes;;I5;"";"";0.25;47
920719;"LED amarelo difuso 5MM";Componentes Eletrônicos;LEDs e Suportes;;I5;"";"";0.25;5
920720;"LED vermelho difuso 5MM";Componentes Eletrônicos;LEDs e Suportes;;I5;"";"";0.25;26
920801;"CIRCUITO INTEGRADO ULN2803 DRIVER";Componentes Eletrônicos;Circuitos Integrados, Reguladores e Soquetes;;I4;"";"Componentes";2.80;0
920804;"Chip optoacoplador TCMT4100  SMD SOP-16 *920804";Componentes Eletrônicos;Circuitos Integrados, Reguladores e Soquetes;;I4;"";"";;47
920805;"chip Multiplexador para display 7 segmentos 74HC595 *920805";Componentes Eletrônicos;Circuitos Integrados, Reguladores e Soquetes;;I4;"";"";;80
920806;"Chip CI multiplexador CD4051";Componentes Eletrônicos;Circuitos Integrados, Reguladores e Soquetes;;I4;"";"";;20
920901;"KIT CAPACITOR CERÂMICO 50V 10 VALORES 300 PEÇAS";Componentes Eletrônicos;Capacitores e Cristais;;I2;"";"Componentes";50.00;0
920902;"Kit Capacitor Eletrolitico x200 unidades 15 Valores";Componentes Eletrônicos;Capacitores e Cristais;;I2;"";"";54.70;4
920905;"Capacitor eletrolítico 10uF 50V *920905";Componentes Eletrônicos;Capacitores e Cristais;;I2;"";"";1.90;58
920906;"Capacitor eletrolítico 100uF 16V SMD *920906";Componentes Eletrônicos;Capacitores e Cristais;;I2;"";"";;70
920907;"Capacitor 100nF 50V 0805 SMD *920907";Componentes Eletrônicos;Capacitores e Cristais;;I2;"";"";;200
920908;"Capacitor 470nF 50V 0805 SMD *920908";Componentes Eletrônicos;Capacitores e Cristais;;I2;"";"";;200
920909;"Capacitor 100uf 35v";Componentes Eletrônicos;Capacitores e Cristais;;I2;"";"";3.90;10
921001;"KIT TRANSISTOR TO-92 DIVERSOS MODELOS 600PEÇAS";Componentes Eletrônicos;Diodos, Transistores e MOSFETs;;I3;"";"Componentes";50.00;0
921002;"Kit 180 transistor SMD SOT-23 18 tipos *921002";Componentes Eletrônicos;Diodos, Transistores e MOSFETs;;I3;"";"";39.00;5
921003;"Transistor BC547 TO-92";Componentes Eletrônicos;Diodos, Transistores e MOSFETs;;I3;"";"";0.30;1000
921004;"BC327-25 DIP TO92 Fairchild China";Componentes Eletrônicos;Diodos, Transistores e MOSFETs;;I3;"";"";0.30;1000
921005;"Triac BT136-600E TO-220 NXP China";Componentes Eletrônicos;Diodos, Transistores e MOSFETs;;I3;"";"";2.50;50
921006;"CD4001BE DIP 14PIN Texas China";Componentes Eletrônicos;Circuitos Integrados, Reguladores e Soquetes;;I4;"";"";2.50;50
921007;"CD40106BE DIP 14PIN Texas China";Componentes Eletrônicos;Circuitos Integrados, Reguladores e Soquetes;;I4;"";"";2.50;50
921008;"CD4011BE DIP 14PIN Texas China";Componentes Eletrônicos;Circuitos Integrados, Reguladores e Soquetes;;I4;"";"";2.50;50
921009;"CD4013BP DIP 14PIN Texas China";Componentes Eletrônicos;Circuitos Integrados, Reguladores e Soquetes;;I4;"";"";2.50;50
921010;"CD4017BE DIP 16PIN Texas China";Componentes Eletrônicos;Circuitos Integrados, Reguladores e Soquetes;;I4;"";"";2.50;50
921011;"CD4071BD DIP 14PIN HLF";Componentes Eletrônicos;Circuitos Integrados, Reguladores e Soquetes;;I4;"";"";3.00;50
921012;"CD4081BE DIP 14PIN Texas China";Componentes Eletrônicos;Circuitos Integrados, Reguladores e Soquetes;;I4;"";"";2.50;50
921013;"CD4511BE DIP 16PIN Texas China";Componentes Eletrônicos;Circuitos Integrados, Reguladores e Soquetes;;I4;"";"";2.50;50
921014;"CD4526BCP DIP 16PIN On semi";Componentes Eletrônicos;Circuitos Integrados, Reguladores e Soquetes;;I4;"";"";4.00;25
921015;"DIAC DB-3  T+R DO35 SEMTECH";Componentes Eletrônicos;Diodos, Transistores e MOSFETs;;I3;"";"";0.20;100
921016;"IR2151 DIP IR Driver para mosfet";Componentes Eletrônicos;Circuitos Integrados, Reguladores e Soquetes;;I4;"";"";6.50;50
921017;"IRF640N";Componentes Eletrônicos;Diodos, Transistores e MOSFETs;;I3;"";"";DIP TO220 Infineon;6.00
921018;"IRF730 DIP TO220 Vishay";Componentes Eletrônicos;Diodos, Transistores e MOSFETs;;I3;"";"";4.00;50
921019;"IRF9630 DIP Vishay";Componentes Eletrônicos;Diodos, Transistores e MOSFETs;;I3;"";"";5.00;50
921020;"L7815CV";Componentes Eletrônicos;Circuitos Integrados, Reguladores e Soquetes;;I4;"";"";DIP TO220 WSA;2.50
921021;"L7824CV";Componentes Eletrônicos;Circuitos Integrados, Reguladores e Soquetes;;I4;"";"";DIP TO220 ST China;2.50
921022;"L7905CV";Componentes Eletrônicos;Circuitos Integrados, Reguladores e Soquetes;;I4;"";"";DIP TO220 ST China;2.50
921023;"LM311P DIP 8PIN Texas China";Componentes Eletrônicos;Circuitos Integrados, Reguladores e Soquetes;;I4;"";"";2.50;50
921024;"LM317T TO-220 IND";Componentes Eletrônicos;Circuitos Integrados, Reguladores e Soquetes;;I4;"";"";2.50;50
921025;"LM331 (KA331) DIP 8PIN Fairchild";Componentes Eletrônicos;Circuitos Integrados, Reguladores e Soquetes;;I4;"";"";3.50;50
921026;"MAX232CPE DIP Maxim china";Componentes Eletrônicos;Circuitos Integrados, Reguladores e Soquetes;;I4;"";"";4.00;25
921027;"MOC3020 DIP";Componentes Eletrônicos;Circuitos Integrados, Reguladores e Soquetes;;I4;"";"";On Semi china cor branco;3.00
921028;"MUR160 DIP On Semi China";Componentes Eletrônicos;Diodos, Transistores e MOSFETs;;I3;"";"";0.80;100
921029;"MUR1660G DIP On Semi China";Componentes Eletrônicos;Diodos, Transistores e MOSFETs;;I3;"";"";5.50;50
921030;"NE555P DIP-8 Texas China";Componentes Eletrônicos;Circuitos Integrados, Reguladores e Soquetes;;I4;"";"";2.00;100
921031;"TIP127 TO-220 ST China";Componentes Eletrônicos;Diodos, Transistores e MOSFETs;;I3;"";"";2.50;50
921032;"TIP142 DIP TO247";Componentes Eletrônicos;Diodos, Transistores e MOSFETs;;I3;"";"";ST China;6.50
921033;"ULN2003APG";Componentes Eletrônicos;Circuitos Integrados, Reguladores e Soquetes;;I4;"";"";DIP-16 Toshiba China;2.00
921034;"chip opto 6n137";Componentes Eletrônicos;Circuitos Integrados, Reguladores e Soquetes;;I4;"";"";;0
921101;"Regulador de tensão AMS1117 5v *921101";Componentes Eletrônicos;Circuitos Integrados, Reguladores e Soquetes;;I4;"";"";1.80;90
921102;"Kit 70 regulador de tensão AMS SMD 7 tipos *921102";Componentes Eletrônicos;Circuitos Integrados, Reguladores e Soquetes;;I4;"";"";37.00;4
921103;"Kit 80 regulador de tensão 78lXX SMD SOT-89 10 tipos *921103";Componentes Eletrônicos;Circuitos Integrados, Reguladores e Soquetes;;I4;"";"";47.54;4
921105_z;"Regulador de tensão AMS1117 3,3v *921105";Componentes Eletrônicos;Circuitos Integrados, Reguladores e Soquetes;;I4;"";"";2.45;95
921106;"Regulador de tensão 78L05 SOT-89 SMD *921106";Componentes Eletrônicos;Circuitos Integrados, Reguladores e Soquetes;;I4;"";"";;100
921201_z;"Knob plastico colorido para potenciômetro *921201";Componentes Eletrônicos;Resistores, Potenciômetros e Trimpots;;I1;"";"";4.00;33
921302_z;"Agenda para guardar componentes SMD 20 paginas  *921302";Prototipagem e Ferramentas;Ferramentas e Instrumentos de Bancada;;K3;"";"";83.00;5
921401_z;"Kit Cristal oscilador 35 peças 7 valores *921401";Componentes Eletrônicos;Capacitores e Cristais;;I2;"";"";42.30;4
921501_4h;"Soquetes para circuitos integrados CI Kit com 66pçs *921501";Componentes Eletrônicos;Circuitos Integrados, Reguladores e Soquetes;;I4;"";"";43.00;4
921701_z;"Display 7 segmentos Catodo Comum 0,56"" *921701";Displays e Telas;7 Segmentos e Matriz de LED;;D4;"";"";3.90;46
921702_z;"Display 7 segmentos anodo Comum 0,56"" *921702";Displays e Telas;7 Segmentos e Matriz de LED;;D4;"";"";3.90;94
922001;"Optoacoplador PC817 SOP-4 SMD *922001";Componentes Eletrônicos;Circuitos Integrados, Reguladores e Soquetes;;I4;"";"";;100
922002;"memoria eeprom 24lc512 *922002";Componentes Eletrônicos;Circuitos Integrados, Reguladores e Soquetes;;I4;"";"";;50
922003;"memoria eeprom 24lc512 SMD *922003";Componentes Eletrônicos;Circuitos Integrados, Reguladores e Soquetes;;I4;"";"";;0
922004;"CI AOP LM358 *922004";Componentes Eletrônicos;Circuitos Integrados, Reguladores e Soquetes;;I4;"";"";;0
922005;"MÓDULO DE MEMÓRIA EEPROM AT24C256";Módulos;RTC, Memória e Cartões SD;;B6;"";"2 - Módulos e shields";15.00;23
930104;"JUMPER DUPONT COLORIDO 40 FIOS 20CM MACHO FÊMEA";Conectores e Cabos;Fios, Jumpers e Cabos Diversos;;J6;"";"Cabos";15.90;19
930105;"JUMPER DUPONT COLORIDO 40 FIOS 20CM MACHO MACHO";Conectores e Cabos;Fios, Jumpers e Cabos Diversos;;J6;"";"Cabos";15.90;35
930106;"JUMPER DUPONT COLORIDO 40 FIOS 20CM FÊMEA FÊMEA";Conectores e Cabos;Fios, Jumpers e Cabos Diversos;;J6;"";"Cabos";15.90;11
930107;"KIT JUMPER MACHO MACHO X65 SORTIDOS";Conectores e Cabos;Fios, Jumpers e Cabos Diversos;;J6;"";"";;20
930108;"KIT 100 PEÇAS JUMPER CABO ESTANHADO 10CM - VERMELHO/PRETO";Conectores e Cabos;Fios, Jumpers e Cabos Diversos;;J6;"";"";;15
930109;"KIT JUMPER DE FIO PARA PROTOBOARD COM 140 PCS - RIGIDO";Conectores e Cabos;Fios, Jumpers e Cabos Diversos;;J6;"";"";;14
930112;"Cabo Garra Jacaré de  50cm";Conectores e Cabos;Fios, Jumpers e Cabos Diversos;;J6;"";"";2.30;900
930113;"Par de cabo para multímetro ponta de teste";Prototipagem e Ferramentas;Ferramentas e Instrumentos de Bancada;;K3;"";"";23.90;0
930172;"PROTOBOARD 2420 PONTOS COM BASE METÁLICA PARA PROTOTIPAGEM";Prototipagem e Ferramentas;Protoboards e Placas de Circuito;;K1;"";"Prototipagem";105.90;0
930201;"CABO EXTENSÃO USB 3.0 TIPO A 30CM PARA PAINEL";Conectores e Cabos;Cabos USB, HDMI e Extensões de Painel;;J5;"";"Cabos";28.30;24
930202;"CABO EXTENSÃO USB 2.0 TIPO A 30CM PARA PAINEL";Conectores e Cabos;Cabos USB, HDMI e Extensões de Painel;;J5;"";"Cabos";28.70;1195
930203;"CABO EXTENSÃO USB 1MT PARA PAINEL COM ACESSÓRIOS";Conectores e Cabos;Cabos USB, HDMI e Extensões de Painel;;J5;"";"Cabos";94.00;27
930204;"CABO EXTENSÃO USB E HDMI 1MT PARA PAINEL COM ACESSÓRIOS";Conectores e Cabos;Cabos USB, HDMI e Extensões de Painel;;J5;"";"Cabos";141.00;233
930205;"CABO EXTENSÃO USB 1MT PARA PAINEL COM 02 USB E ACESSÓRIOS";Conectores e Cabos;Cabos USB, HDMI e Extensões de Painel;;J5;"";"Cabos";100.80;0
930207;"CABO EXTENSÃO CARTÃO MICRO SD 48CM IMPRESSORA 3D";CNC, Laser e Impressão 3D;Impressão 3D: Hotend, Bicos e Peças;;H8;"";"Cabos";38.40;6
930208;"CABO EXTENSÃO USB 2.0 TIPO B 50CM PARA PAINEL";Conectores e Cabos;Cabos USB, HDMI e Extensões de Painel;;J5;"";"Cabos";20.00;24
930210;"CABO EXTENSÃO HDMI 30CM PARA PAINEL";Conectores e Cabos;Cabos USB, HDMI e Extensões de Painel;;J5;"";"Cabos";24.40;2
930211;"CABO DE ENERGIA TRIPOLAR 10A 3X0,75MM 1,50MT  *930211";Conectores e Cabos;Fios, Jumpers e Cabos Diversos;;J6;"";"";26.68;8
930212;"Cabo Extensão USB 3.0 e HDMI 1mt com Acessórios *930212";Conectores e Cabos;Cabos USB, HDMI e Extensões de Painel;;J5;"";"";148.00;1
930213;"Cabo extensão HDMI 30cm macho macho *930213";Conectores e Cabos;Cabos USB, HDMI e Extensões de Painel;;J5;"";"";26.00;12
930216;"Cabo extensão tipo A para painel 25cm 90graus lado direito";Conectores e Cabos;Cabos USB, HDMI e Extensões de Painel;;J5;"";"";26.45;10
930217;"Cabo Extensão Usb tipo B Para Painel  1,5 mt *930217";Conectores e Cabos;Cabos USB, HDMI e Extensões de Painel;;J5;"";"";42.30;8
930219;"CABO EXTENSÃO USB 2MT PARA PAINEL COM ACESSÓRIOS";Conectores e Cabos;Cabos USB, HDMI e Extensões de Painel;;J5;"";"";72.80;7
930303;"CABO FLAT COLORIDO 20 VIAS 26AWG 01 METRO";Conectores e Cabos;Fios, Jumpers e Cabos Diversos;;J6;"";"Cabos";10.00;0
930304;"Cabo PP 105G 300/500V 4 Vias 0,30mm2 Preto (Veias Pr/Br/Vm/Am)";Conectores e Cabos;Fios, Jumpers e Cabos Diversos;;J6;"";"";18.40;6
930340;"PROTOBOARD 1660 PONTOS COM BASE METÁLICA PARA PROTOTIPAGEM";Prototipagem e Ferramentas;Protoboards e Placas de Circuito;;K1;"";"Prototipagem";69.90;5
930342;"Mini Suporte Incolor P/ Sensor Ultrassónico";Motores, Drivers e Robótica;Chassis, Rodas e Partes Robóticas;;G7;"";"";12.90;10
930401;"CABO JST SM02  MACHO FÊMEA 20CM 02 VIAS";Conectores e Cabos;Fios, Jumpers e Cabos Diversos;;J6;"";"Cabos";4.90;180
930402;"CABO JST SM03 MACHO FÊMEA 15CM 03 VIAS";Conectores e Cabos;Fios, Jumpers e Cabos Diversos;;J6;"";"Cabos";5.50;5
930601;"CABO DE DADOS USB MICRO USB PARA NODEMCU ESP32";Conectores e Cabos;Cabos USB, HDMI e Extensões de Painel;;J5;"";"Cabos";11.20;2
930602;"CABO DE DADOS USB TIPO C";Conectores e Cabos;Cabos USB, HDMI e Extensões de Painel;;J5;"";"";11.90;15
930603;"CABO EXTENSÃO USB TIPO A PARA TIPO B MACHO COM FILTRO 1,8MT";Conectores e Cabos;Cabos USB, HDMI e Extensões de Painel;;J5;"";"Cabos";19.00;22
930605;"CABO EXTENSÃO USB TIPO A PARA TIPO B MACHO 1MT";Conectores e Cabos;Cabos USB, HDMI e Extensões de Painel;;J5;"";"";12.90;20
930605_4h;"Cabo extensão USB macho femea 1,8m *930605";Conectores e Cabos;Cabos USB, HDMI e Extensões de Painel;;J5;"";"";13.00;17
930606;"Cabo extensao USB tipo A para micro USB 1,2m *930606";Conectores e Cabos;Cabos USB, HDMI e Extensões de Painel;;J5;"";"";18.00;25
930607_z;"Cabo OTG HUB micro USB com saídas USB e micro USB *930607";Conectores e Cabos;Cabos USB, HDMI e Extensões de Painel;;J5;"";"";39.00;9
930701;"CABO HDMI 19 PINOS 3MTS COMPATÍVEL COM TV MONITOR PROJETOR";Conectores e Cabos;Cabos USB, HDMI e Extensões de Painel;;J5;"";"Cabos";29.90;0
930702_4h;"Cabo Hdmi 1,8mts com filtro *930702";Conectores e Cabos;Cabos USB, HDMI e Extensões de Painel;;J5;"";"";23.00;34
930703_4h;"CABO HDMI X MICRO HDMI 4K 19 PINOS 2MTS *930703";Conectores e Cabos;Cabos USB, HDMI e Extensões de Painel;;J5;"";"";39.00;8
930704_z;"Cabo adaptador Display port DP para HDMI *930704";Conectores e Cabos;Cabos USB, HDMI e Extensões de Painel;;J5;"";"";32.30;41
930705;"CABO EXTENSÃO USB TIPO A PARA USB TIPO C 1M";Conectores e Cabos;Cabos USB, HDMI e Extensões de Painel;;J5;"";"Cabos";17.00;6
930801_z;"Cabo Rgb colorido 04 Vias Ideal Motor De Passo 22awg  *930801";Conectores e Cabos;Fios, Jumpers e Cabos Diversos;;J6;"";"";5.00;23
931201_4h;"Cabo de rede ethernet RJ45 montado cat5  3Mts azul *931201";Conectores e Cabos;Fios, Jumpers e Cabos Diversos;;J6;"";"";12.00;7
931302;"Cabo V3 mini USB com 1,5m";Conectores e Cabos;Cabos USB, HDMI e Extensões de Painel;;J5;"";"";34.00;5
940101;"MINI PROTOBOARD 170 FUROS";Prototipagem e Ferramentas;Protoboards e Placas de Circuito;;K1;"";"Prototipagem";2.99;52
940102;"PROTOBOARD 830 FUROS PONTOS MB102 PROTOTIPAGEM";Prototipagem e Ferramentas;Protoboards e Placas de Circuito;;K1;"";"Prototipagem";11.90;42
940103;"MODULO FONTE PARA PROTOBOARD 3.3V 5V COM INTERRUPTOR";Prototipagem e Ferramentas;Protoboards e Placas de Circuito;;K1;"";"2 - Módulos e shields";9.50;36
940104;"PLACA FENOLITE PERFURADA 7X9CM PARA PROTOTIPAGEM";Prototipagem e Ferramentas;Protoboards e Placas de Circuito;;K1;"";"Prototipagem";3.20;2
940105;"PROTOBOARD 400 FUROS PONTOS MB102 PROTOTIPAGEM";Prototipagem e Ferramentas;Protoboards e Placas de Circuito;;K1;"";"Prototipagem";8.90;5
940106;"PLACA DE FENOLITE VIRGEM 10X10MM FACE SIMPLES";Prototipagem e Ferramentas;Protoboards e Placas de Circuito;;K1;"";"Prototipagem";4.80;8
940301;"PLAQUETA DE IDENTIFICAÇÃO PARA BOTÃO 22MM PLÁSTICO";Automação Industrial;Botões, Chaves e Sinalização de Painel;;E2;"";"Geral";1.20;0
940302;"Placa de identificação Botoeira de emergência *940302";Automação Industrial;Botões, Chaves e Sinalização de Painel;;E2;"";"";9.90;0
940401;"SINALIZADOR LUMINOSO LED VERDE 24V 22MM PARA PAINEL";Automação Industrial;Botões, Chaves e Sinalização de Painel;;E2;"";"Leds e Lampadas";10.90;7
940402;"SINALIZADOR LUMINOSO LED AZUL 24V 22MM PARA PAINEL";Automação Industrial;Botões, Chaves e Sinalização de Painel;;E2;"";"Leds e Lampadas";10.90;23
940403;"SINALIZADOR LUMINOSO LED VERMELHO 24V 22MM PARA PAINEL";Automação Industrial;Botões, Chaves e Sinalização de Painel;;E2;"";"Leds e Lampadas";10.90;18
940404;"SINALIZADOR LUMINOSO LED AMARELO 24V 22MM PARA PAINEL";Automação Industrial;Botões, Chaves e Sinalização de Painel;;E2;"";"Leds e Lampadas";10.90;16
940501;"ELETROÍMÃ SOLENÓIDE 24VDC 5KG 50N";Motores, Drivers e Robótica;Bombas, Válvulas e Solenoides;;G6;"";"Eletroímas";64.00;0
940502;"ELETROÍMÃ SOLENÓIDE 24VDC 3KG 30N";Motores, Drivers e Robótica;Bombas, Válvulas e Solenoides;;G6;"";"Eletroímas";26.30;18
940503;"ELETROÍMÃ SOLENÓIDE 24VDC 10KG 100N";Motores, Drivers e Robótica;Bombas, Válvulas e Solenoides;;G6;"";"Eletroímas";95.00;1
940504;"ELETROÍMÃ SOLENOIDE ATUADOR 12VDC 10MM 5N";Motores, Drivers e Robótica;Bombas, Válvulas e Solenoides;;G6;"";"Eletroímas";36.00;10
940505;"VÁLVULA SOLENOIDE PARA ÁGUA 12V ROSCA 1/2""";Motores, Drivers e Robótica;Bombas, Válvulas e Solenoides;;G6;"";"Válvulas";52.00;10
940703;"KIT TERMO RETRÁTIL COLORIDO 280 PEÇAS COM CASE";Conectores e Cabos;Termo Retrátil e Organização de Cabos;;J7;"";"Espaguete Termoretratil";35.00;9
940704;"KIT TERMO RETRÁTIL COLORIDO 328PEÇAS DIVERSAS MEDIDAS";Conectores e Cabos;Termo Retrátil e Organização de Cabos;;J7;"";"Espaguete Termoretratil";35.00;9
940705_4h;"Tubo Termo retrátil 1,0/0,65mm Preto 600v com 1mt *940705";Conectores e Cabos;Termo Retrátil e Organização de Cabos;;J7;"";"";2.00;200
940706_4h;"Tubo Termo retrátil 3,0/1,5mm Preto 600V com 1mt *940706";Conectores e Cabos;Termo Retrátil e Organização de Cabos;;J7;"";"";2.30;200
940707_4h;"Tubo Termo retrátil  4,5/2,3mm Preto 600V com 1mt  *940707";Conectores e Cabos;Termo Retrátil e Organização de Cabos;;J7;"";"";3.00;100
940708_4h;"Tubo Termo retrátil 6/3mm Preto 600V com 1mt *940708";Conectores e Cabos;Termo Retrátil e Organização de Cabos;;J7;"";"";3.50;96
940709_4h;"Tubo Termo retrátil 8/4mm Preto 600V com 1mt  *940709";Conectores e Cabos;Termo Retrátil e Organização de Cabos;;J7;"";"";4.00;96
940710_4h;"Tubo Termo retrátil 10/5mm Preto 600V com 1mt *940710";Conectores e Cabos;Termo Retrátil e Organização de Cabos;;J7;"";"";4.30;100
940711_4h;"Tubo Termo retrátil 13,0/6,5mm Preto 600V com 1mt  *940711";Conectores e Cabos;Termo Retrátil e Organização de Cabos;;J7;"";"";5.00;100
940712_4h;"Tubo Termo retrátil 16/8mm Preto 600V com 1mt *940712";Conectores e Cabos;Termo Retrátil e Organização de Cabos;;J7;"";"";7.00;96
940713_4h;"Tubo Termo retrátil 20/10mm Preto 600V com 1mt *940713";Conectores e Cabos;Termo Retrátil e Organização de Cabos;;J7;"";"";8.00;96
940714;"USO E CONSUMO-Termoretratil PVC azul para baterias diametro 85mm 1mt";NÃO PUBLICAR;Obsoleto, uso interno ou teste;;X0;"";"";;2
940715;"USO E CONSUMO-Termoretratil PVC azul para baterias diametro 120mm 1mt";NÃO PUBLICAR;Obsoleto, uso interno ou teste;;X0;"";"";;2
940716;"USO E CONSUMO-Termoretratil PVC azul para baterias diâmetro 130mm 1mt";NÃO PUBLICAR;Obsoleto, uso interno ou teste;;X0;"";"";;2
940717;"USO E CONSUMO-Termoretratil PVC azul para baterias diâmetro 150mm 1mt";NÃO PUBLICAR;Obsoleto, uso interno ou teste;;X0;"";"";;2
940718;"USO E CONSUMO-Termoretratil PVC azul para baterias diâmetro 180mm 1mt";NÃO PUBLICAR;Obsoleto, uso interno ou teste;;X0;"";"";;2
940719;"USO E CONSUMO-Termoretratil PVC azul para baterias diâmetro 200mm 1mt";NÃO PUBLICAR;Obsoleto, uso interno ou teste;;X0;"";"";;2
940801_z;"Presilha Fixador de nylon 15x10mm para abraçadeiras *940801";Conectores e Cabos;Termo Retrátil e Organização de Cabos;;J7;"";"";1.50;96
940802_z;"Espiral Organizador De Cabos 1/4 6,35mm *940802";Conectores e Cabos;Termo Retrátil e Organização de Cabos;;J7;"";"";3.00;50
940803_4h;"Espiral Organizador De Cabos 1/2"" 12,7mm preto *940803";Conectores e Cabos;Termo Retrátil e Organização de Cabos;;J7;"";"";4.00;52
940805;"PRESILHA ADESIVA 19X19MM PARA FIXAÇÃO DE CABOS";Conectores e Cabos;Termo Retrátil e Organização de Cabos;;J7;"";"Geral";1.00;40
940901;"ALICATE DE CORTE PARA ELETRÔNICA";Prototipagem e Ferramentas;Ferramentas e Instrumentos de Bancada;;K3;"";"Ferramentas";16.00;6
940902;"Kit maleta de ferramenta para eletronica";Prototipagem e Ferramentas;Ferramentas e Instrumentos de Bancada;;K3;"";"";579.00;0
941001_z;"Espaçadores de Circuito Impresso 5mm de altura *941001";Prototipagem e Ferramentas;Parafusos, Espaçadores e Fixação;;K4;"";"";1.00;110
941002;"Espaçadores de Circuito Impresso 15mm de altura *941002";Prototipagem e Ferramentas;Parafusos, Espaçadores e Fixação;;K4;"";"";2.50;7
941003;"ESPAÇADOR PLÁSTICO NYLON ISOLANTE 15MM M3 MACHO/FÊMEA";Prototipagem e Ferramentas;Parafusos, Espaçadores e Fixação;;K4;"";"Hardware";1.30;0
941004;"ESPAÇADOR PLÁSTICO NYLON ISOLANTE 6MM M3 FÊMEA/FÊMEA";Prototipagem e Ferramentas;Parafusos, Espaçadores e Fixação;;K4;"";"Hardware";0.80;52
941005;"PARAFUSO PLÁSTICO NYLON ISOLANTE M3X5MM";Prototipagem e Ferramentas;Parafusos, Espaçadores e Fixação;;K4;"";"Hardware";0.60;51
941102_2;"SUPORTE PARA PILHA AA PARALELO CASE TIPO CANOA Para: 2 Pilhas";Energia e Alimentação;Suportes de Pilha e Acessórios de Bateria;;F4;"";"";3.00;19
941102_4;"SUPORTE PARA PILHA AA PARALELO CASE TIPO CANOA Para: 4 Pilhas";Energia e Alimentação;Suportes de Pilha e Acessórios de Bateria;;F4;"";"";4.00;61
941103;"Suporte para 2 pilhas AA com Chave Liga/Desliga";Energia e Alimentação;Suportes de Pilha e Acessórios de Bateria;;F4;"";"";4.90;10
941104;"MÓDULO SHIELD DUPLO BATERIA 18650 PARA ARDUINO ESP32 RPI";Energia e Alimentação;Suportes de Pilha e Acessórios de Bateria;;F4;"";"2 - Módulos e shields";45.90;10
941105;"MÓDULO SHIELD BATERIA 18650 PARA ARDUINO ESP32 RPI";Energia e Alimentação;Suportes de Pilha e Acessórios de Bateria;;F4;"";"2 - Módulos e shields";39.90;1
941106;"SUPORTE PARA 01 BATERIA 18650 LI-ION CASE TIPO CANOA";Energia e Alimentação;Suportes de Pilha e Acessórios de Bateria;;F4;"";"Baterias e Acessórios";6.00;178
941107;"SUPORTE PARA 02 BATERIAS 18650 LI-ION CASE TIPO CANOA";Energia e Alimentação;Suportes de Pilha e Acessórios de Bateria;;F4;"";"Baterias e Acessórios";4.00;32
941108;"SUPORTE PARA 03 BATERIAS 18650 LI-ION CASE TIPO CANOA";Energia e Alimentação;Suportes de Pilha e Acessórios de Bateria;;F4;"";"Baterias e Acessórios";11.00;20
941109;"SUPORTE PARA 04 BATERIAS 18650 LI-ION CASE TIPO CANOA";Energia e Alimentação;Suportes de Pilha e Acessórios de Bateria;;F4;"";"Baterias e Acessórios";5.60;89
941202_z;"Fonte de bancada Regulável 15V 2A Yaxun 1502 *941202";Prototipagem e Ferramentas;Ferramentas e Instrumentos de Bancada;;K3;"";"";279.00;0
941203;"Fonte de bancada Regulável 32V 6A Unit utp1306 *941203";Prototipagem e Ferramentas;Ferramentas e Instrumentos de Bancada;;K3;"";"";;0
941401;"Lupa profissional de bancada com garras *941401";Prototipagem e Ferramentas;Ferramentas e Instrumentos de Bancada;;K3;"";"";52.87;1
941501;"ESTAÇÃO DE SOLDA RETRABALHO SMD YAXUN YX 881D+ (220V)*941501";Prototipagem e Ferramentas;Soldagem;;K2;"";"";387.40;0
941506;"ESTAÇÃO DE SOLDA PONTO 5000W COM ACESSÓRIOS P/ BATERIA 18650";Prototipagem e Ferramentas;Soldagem;;K2;"";"Baterias e Acessórios";599.00;1
951101;"Multímetro Digital Yaxun yx-9205A+ *951101";Prototipagem e Ferramentas;Ferramentas e Instrumentos de Bancada;;K3;"";"";;2
951201;"SUPORTE PCI FÊMEA PRETO PARA TRILHO DIN *951201";Automação Industrial;Bornes, Trilho DIN e Quadros;;E5;"";"";8.40;15
951202;"SUPORTE PCI MACHO PRETO PARA TRILHO DIN *951202";Automação Industrial;Bornes, Trilho DIN e Quadros;;E5;"";"";8.40;15
951203;"SUPORTE PCI 5MM PRETO PARA TRILHO DIN *951203";Automação Industrial;Bornes, Trilho DIN e Quadros;;E5;"";"";4.50;96
951204;"SUPORTE PCI 20MM PRETO PARA TRILHO DIN *951204";Automação Industrial;Bornes, Trilho DIN e Quadros;;E5;"";"";5.00;93
951205;"SUPORTE PCI 30MM PRETO PARA TRILHO DIN  *951205";Automação Industrial;Bornes, Trilho DIN e Quadros;;E5;"";"";5.50;1
951206;"SUPORTE PCI 45MM PRETO PARA TRILHO DIN *951206";Automação Industrial;Bornes, Trilho DIN e Quadros;;E5;"";"";7.00;10
951302;"Rolinho estanho 22g 1mm 60/40 Cobix *951302";Prototipagem e Ferramentas;Soldagem;;K2;"";"";10.00;31
960102;"KIT PARAFUSO ALLEN SEM CABEÇA 200 PEÇAS";Prototipagem e Ferramentas;Parafusos, Espaçadores e Fixação;;K4;"";"Hardware";68.90;0
960201;"Suporte 45 graus trilho dim *960201";Automação Industrial;Bornes, Trilho DIN e Quadros;;E5;"";"";11.00;3
960301_4h;"Abraçadeira de Nylon 3,7x202mm preta com 100un *960301";Conectores e Cabos;Termo Retrátil e Organização de Cabos;;J7;"";"";18.90;4
960302_4h;"Abraçadeira de Nylon 2,5x108mm cor preto com 100un *960302";Conectores e Cabos;Termo Retrátil e Organização de Cabos;;J7;"";"";13.00;0
960401;"Bucha de redução M6 X 1,0 interno M8 X 1,25 externo inserto metálico *960401";Prototipagem e Ferramentas;Parafusos, Espaçadores e Fixação;;K4;"";"";5.00;10
960402;"Bucha de redução M14 para M8 20mm comprimento *960402";Prototipagem e Ferramentas;Parafusos, Espaçadores e Fixação;;K4;"";"";8.00;4
960403;"Inserto metálico para impressora 3D M5X5X6mm";CNC, Laser e Impressão 3D;Impressão 3D: Hotend, Bicos e Peças;;H8;"";"";1.00;148
960404;"Inserto metálico para impressora 3D M4X5X5mm";CNC, Laser e Impressão 3D;Impressão 3D: Hotend, Bicos e Peças;;H8;"";"";1.00;150
960405;"Inserto metálico para impressora 3D M3X5X4mm";CNC, Laser e Impressão 3D;Impressão 3D: Hotend, Bicos e Peças;;H8;"";"";1.00;101
960501;"Pezinho Pé Nivelador Base 40 *960501";Prototipagem e Ferramentas;Parafusos, Espaçadores e Fixação;;K4;"";"";9.00;2
960601;"Dobradiça Plástica e metalica Forsetti *960601";Prototipagem e Ferramentas;Parafusos, Espaçadores e Fixação;;K4;"";"";15.00;2
960701_4h;"CAIXA ORGANIZADORA TRANSPARENTE GRANDE P/ ELETRÔNICA *960701";Prototipagem e Ferramentas;Caixas Plásticas e Organizadores;;K5;"";"";29.90;0
960702_4h;"CAIXA ORGANIZADORA TRANSPARENTE MEDIA P/ ELETRÔNICA *960702";Prototipagem e Ferramentas;Caixas Plásticas e Organizadores;;K5;"";"";20.00;1
960703;"CAIXA PLASTICA 15 DIVISÓRIAS 17x10x2CM";Prototipagem e Ferramentas;Caixas Plásticas e Organizadores;;K5;"";"";;20
960704;"CAIXA PLASTICA 24 DIVISÓRIAS 19*12.5*3.3CM";Prototipagem e Ferramentas;Caixas Plásticas e Organizadores;;K5;"";"";;20
960705;"caixa plástica modelo PB-075";Prototipagem e Ferramentas;Caixas Plásticas e Organizadores;;K5;"";"";19.90;20
960706;"caixa plástica modelo PB-108 TE";Prototipagem e Ferramentas;Caixas Plásticas e Organizadores;;K5;"";"";18.90;20
960707;"caixa plástica modelo PB-112 TE";Prototipagem e Ferramentas;Caixas Plásticas e Organizadores;;K5;"";"";30.90;20
960708;"caixa plástica modelo PB-108";Prototipagem e Ferramentas;Caixas Plásticas e Organizadores;;K5;"";"";17.90;20
960709;"caixa plástica modelo PB-112";Prototipagem e Ferramentas;Caixas Plásticas e Organizadores;;K5;"";"";30.90;20
960710;"caixa plástica modelo PB-114";Prototipagem e Ferramentas;Caixas Plásticas e Organizadores;;K5;"";"";39.90;20
960711;"caixa plástica modelo PB-060";Prototipagem e Ferramentas;Caixas Plásticas e Organizadores;;K5;"";"";6.90;20
960712;"caixa plástica modelo PB-040";Prototipagem e Ferramentas;Caixas Plásticas e Organizadores;;K5;"";"";3.90;20
960713;"caixa plástica modelo PB-211";Prototipagem e Ferramentas;Caixas Plásticas e Organizadores;;K5;"";"";69.90;5
960714;"CAIXA PLASTICA organizadora";Prototipagem e Ferramentas;Caixas Plásticas e Organizadores;;K5;"";"";;30
960801;"Anel elástico DI 9mm para fuso de esfera 16mm *960801";CNC, Laser e Impressão 3D;Movimento Linear;Fusos e Castanhas;H1a;"";"";;5
962438;"SENSOR TOQUE CAPACITIVO - TTP223B";Sensores;Gás, Chama, Som, Luz e Cor;;C5;"";"";3.21;12
969693;"MODULO SENSOR DE LUMINOSIDADE LDR";Sensores;Gás, Chama, Som, Luz e Cor;;C5;"";"";8.50;3
970104;"MODULO INTERFACE PARA ESP32 30 PINOS COM BORNE E ESPAÇADORES";Placas e Embarcados;Shields e Placas de Interface;;A5;"";"2 - Módulos e shields";130.00;36
970106;"MODULO INTERFACE PARA HELTEC ESP32 LORA COM BORNES";Placas e Embarcados;Shields e Placas de Interface;;A5;"";"2 - Módulos e shields";140.00;15
970201;"Projeto especial _ Maquina Colagem";NÃO PUBLICAR;Obsoleto, uso interno ou teste;;X0;"";"";;0
980101;"Quadro elétrico metálico para comando 400x300x200 *980101";Automação Industrial;Bornes, Trilho DIN e Quadros;;E5;"";"";188.90;0
980102;"Quadro elétrico metálico para comando 300x300x200 *980102";Automação Industrial;Bornes, Trilho DIN e Quadros;;E5;"";"";169.00;11
980103;"Quadro elétrico metálico para comando 300x300x150 *980103";Automação Industrial;Bornes, Trilho DIN e Quadros;;E5;"";"";155.22;0
980104;"Quadro elétrico metálico para comando 500x300x200";Automação Industrial;Bornes, Trilho DIN e Quadros;;E5;"";"";224.00;0
980203;"Prensa Cabo Nylon Pg9 Cinza Claro";Automação Industrial;Bornes, Trilho DIN e Quadros;;E5;"";"";;30
980301_z;"FILTRO PARA MICROVENTILADOR 80X80MM *980301";Automação Industrial;Ventilação e Refrigeração;;E6;"";"";18.49;5
980302;"MICROVENTILADOR COOLER 24VDC 80X80X25MM";Automação Industrial;Ventilação e Refrigeração;;E6;"";"Microventilador";45.00;1
980303_4h;"Grade metálica para microventilador 80x80mm *980303";Automação Industrial;Ventilação e Refrigeração;;E6;"";"";7.00;6
980304;"MICROVENTILADOR COOLER 12VDC 80X80X25MM";Automação Industrial;Ventilação e Refrigeração;;E6;"";"Microventilador";14.00;6
980305;"MICROVENTILADOR COOLER 12VDC 40X40X10MM";Automação Industrial;Ventilação e Refrigeração;;E6;"";"Microventilador";15.00;0
980306;"Microventilador 12Vdc 30x30x10mm com rolamento *980306";Automação Industrial;Ventilação e Refrigeração;;E6;"";"";35.00;8
980307;"Microventilador coller 12VDC 60X60X25MM com rolamento";Automação Industrial;Ventilação e Refrigeração;;E6;"";"";;5
980401_z;"Borne mola terra tarjado 2.5mm para trilho DIM *980401";Automação Industrial;Bornes, Trilho DIN e Quadros;;E5;"";"";9.48;18
980402;"BORNE SIMPLES 2.5MM TIPO MOLA PARA TRILHO DIN";Automação Industrial;Bornes, Trilho DIN e Quadros;;E5;"";"Conectores e Bornes";4.50;16
980403;"BORNE SIMPLES 4MM TIPO MOLA PARA TRILHO DIN";Automação Industrial;Bornes, Trilho DIN e Quadros;;E5;"";"Conectores e Bornes";7.00;47
980404;"Jumper para borne mola 2.5mm com 10 pontas *980404";Automação Industrial;Bornes, Trilho DIN e Quadros;;E5;"";"";25.00;7
980405;"Jumper para borne mola 4mm com 10 pontas *980405";Automação Industrial;Bornes, Trilho DIN e Quadros;;E5;"";"";;7
980406;"BORNE DUPLO 2.5MM TIPO MOLA PARA TRILHO DIN *980406";Automação Industrial;Bornes, Trilho DIN e Quadros;;E5;"";"";7.00;50
980407;"Tampa borne mola 2.5mm trilho DIM *980407";Automação Industrial;Bornes, Trilho DIN e Quadros;;E5;"";"";;19
980408;"Tampa borne mola duplo 2.5mm trilho DIM *980408";Automação Industrial;Bornes, Trilho DIN e Quadros;;E5;"";"";7.00;9
980409;"Tampa borne mola 4mm trilho DIM *980409";Automação Industrial;Bornes, Trilho DIN e Quadros;;E5;"";"";7.00;19
980601;"Trilho Dim para painel barra com 2 metros *980601";Automação Industrial;Bornes, Trilho DIN e Quadros;;E5;"";"";34.90;1
980701;"Canaleta plastica para painel 30x30mm com 2 metros *980701";Automação Industrial;Bornes, Trilho DIN e Quadros;;E5;"";"";43.50;1
980801;"Prensa cabo plástico 3/4"" cor branco *980801";Automação Industrial;Bornes, Trilho DIN e Quadros;;E5;"";"";7.50;59
980802;"Prensa cabo plastico 1/2' cor preto *980802";Automação Industrial;Bornes, Trilho DIN e Quadros;;E5;"";"";6.50;87
980804;"Prensa cabo plastico 1/2' cor cinza claro *980804";Automação Industrial;Bornes, Trilho DIN e Quadros;;E5;"";"";;0
990201;"KIT ARDUINO UNO AVANÇADO COM MALETA PLÁSTICA";Placas e Embarcados;Kits Arduino e Educacionais;;A7;"";"4 - Kits";310.00;29
990202;"KIT ARDUINO INICIANTE COM CAIXA ORGANIZADORA";Placas e Embarcados;Kits Arduino e Educacionais;;A7;"";"4 - Kits";72.90;6
990203;"KIT 37 SENSORES PARA ARDUINO";Placas e Embarcados;Kits Arduino e Educacionais;;A7;"";"";;3
999903;"SERVIÇO DE PROGRAMAÇÃO PARA EMBARCADOS";Softwares e Serviços;Serviços;;L2;"";"";100.00;1000
999905;"SERVIÇO DE PROGRAMAÇÃO PARA CLP E IHM";Softwares e Serviços;Serviços;;L2;"";"";150.00;998
999906;"SERVIÇO DE CONFIGURAÇÃO PARA SOFTWARE LASER LIGHTBURN";Softwares e Serviços;Serviços;;L2;"";"";100.00;986
999907;"SERVIÇO DE CONFIGURAÇÃO PARA SOFTWARE CNC MACH3";Softwares e Serviços;Serviços;;L2;"";"";120.00;990
999908;"SOFTWARE LIGHTBURN LICENÇA ORIGINAL PARA LASER DE DIODO";Softwares e Serviços;Softwares e Licenças;;L1;"";"3 - Softwares";787.00;991
999911;"SOFTWARE LIGHTBURN LICENÇA ORIGINAL PARA LASER DE FIBRA E CO2";Softwares e Serviços;Softwares e Licenças;;L1;"";"3 - Softwares";1489.00;1000
999913;"SOFTWARE MACH3 LICENÇA ORIGINAL CNC ROUTER PLASMA TORNO FRESA";Softwares e Serviços;Softwares e Licenças;;L1;"";"3 - Softwares";1080.00;986
999920;"COMPUTADOR COMPLETO WIN7 32BITS PORTA PARALELA PARA MACH3";Softwares e Serviços;Softwares e Licenças;;L1;"";"";1790.00;0
ZZ-TESTE-BLING;"PRODUTO DE TESTE DA SINCRONIZACAO RISE BLING (NAO USAR)";NÃO PUBLICAR;Obsoleto, uso interno ou teste;;X0;"";"";15.00;5
